[
  {
    "nombre": "PUMP NAT 2023",
    "isla": "Gran Canaria",
    "do": "D.O. Gran Canaria",
    "tipo": "espumoso",
    "uvas": "LISTÁN NEGRO",
    "anada": 2023,
    "stock": 2,
    "precio_carta": 65.0,
    "precio_coste": null
  },
  {
    "nombre": "PUMPKIN NAT 2024",
    "isla": "Gran Canaria",
    "do": "D.O. Gran Canaria",
    "tipo": "espumoso",
    "uvas": "MALVASÍA VOLCÁNICA",
    "anada": 2024,
    "stock": 2,
    "precio_carta": 65.0,
    "precio_coste": null
  },
  {
    "nombre": "GRIFO ANCESTRAL 2022",
    "isla": "Lanzarote",
    "do": "D.O. Lanzarote",
    "tipo": "espumoso",
    "uvas": "VIJARIEGO NEGRO",
    "anada": 2022,
    "stock": 1,
    "precio_carta": 95.0,
    "precio_coste": null
  },
  {
    "nombre": "TARO PET NAT 2022",
    "isla": "Lanzarote",
    "do": "D.O. Lanzarote",
    "tipo": "espumoso",
    "uvas": "MALVASIA",
    "anada": 2022,
    "stock": 1,
    "precio_carta": 65.0,
    "precio_coste": 19.26
  },
  {
    "nombre": "VIÑATIGO ROSADO PET-NAT 2022",
    "isla": "Tenerife",
    "do": null,
    "tipo": "espumoso",
    "uvas": "LISTÁN NEGRO",
    "anada": 2022,
    "stock": 0,
    "precio_carta": 65.0,
    "precio_coste": null
  },
  {
    "nombre": "MAREJADA ANCESTRAL 2023",
    "isla": "Tenerife",
    "do": null,
    "tipo": "espumoso",
    "uvas": "LISTÁN BLANCO",
    "anada": 2023,
    "stock": 1,
    "precio_carta": 65.0,
    "precio_coste": null
  },
  {
    "nombre": "LA CICLA 2022",
    "isla": "Tenerife",
    "do": null,
    "tipo": "espumoso",
    "uvas": "ALBILLO CRIOLLO",
    "anada": 2022,
    "stock": 1,
    "precio_carta": 90.0,
    "precio_coste": null
  },
  {
    "nombre": "LA CICLA 2024",
    "isla": "Tenerife",
    "do": null,
    "tipo": "espumoso",
    "uvas": "ALBILLO CRIOLLO",
    "anada": 2024,
    "stock": 1,
    "precio_carta": 65.0,
    "precio_coste": null
  },
  {
    "nombre": "VIDUEÑO ANCESTRAL 2023",
    "isla": "Tenerife",
    "do": "D.O. Valle de Güímar",
    "tipo": "espumoso",
    "uvas": "LISTÁN BLANCO + MARMAJUELO",
    "anada": 2023,
    "stock": 4,
    "precio_carta": 75.0,
    "precio_coste": 21.4
  },
  {
    "nombre": "EL TANQUE ANCESTRAL 2023",
    "isla": "Tenerife",
    "do": "D.O. Valle de Güímar",
    "tipo": "espumoso",
    "uvas": "LISTÁN NEGRO + LISTÁN BLANCO + VIJARIEGO NEGRO",
    "anada": 2023,
    "stock": 2,
    "precio_carta": 70.0,
    "precio_coste": null
  },
  {
    "nombre": "LOS PELADOS 22",
    "isla": "Tenerife",
    "do": "D.O. Valle de Güímar",
    "tipo": "espumoso",
    "uvas": "LISTÁN BLANCO",
    "anada": null,
    "stock": 1,
    "precio_carta": null,
    "precio_coste": null
  },
  {
    "nombre": "IKEWEN 2019",
    "isla": "Gran Canaria",
    "do": "D.O. Gran Canaria",
    "tipo": "blanco",
    "uvas": "LISTÁN BLANCO + ALBILLO + MALVASÍA + VIJARIEGO",
    "anada": 2019,
    "stock": 1,
    "precio_carta": 290.0,
    "precio_coste": null
  },
  {
    "nombre": "SKIN CONTACT 2022**",
    "isla": "Gran Canaria",
    "do": "D.O. Gran Canaria",
    "tipo": "blanco",
    "uvas": "MOSCATEL",
    "anada": 2022,
    "stock": 3,
    "precio_carta": 60.0,
    "precio_coste": null
  },
  {
    "nombre": "TIEMPO DEL SUR 2023",
    "isla": "Gran Canaria",
    "do": "D.O. Gran Canaria",
    "tipo": "blanco",
    "uvas": "MALVASÍA VOLCÁNICA",
    "anada": 2023,
    "stock": 1,
    "precio_carta": 60.0,
    "precio_coste": null
  },
  {
    "nombre": "MARMAJUELO 2020",
    "isla": "Gran Canaria",
    "do": "D.O. Gran Canaria",
    "tipo": "blanco",
    "uvas": "MARMAJUELO",
    "anada": 2020,
    "stock": 4,
    "precio_carta": 140.0,
    "precio_coste": null
  },
  {
    "nombre": "MALVASIA 2020",
    "isla": "Gran Canaria",
    "do": "D.O. Gran Canaria",
    "tipo": "blanco",
    "uvas": "MALVASÍA VOLCÁNICA",
    "anada": 2020,
    "stock": 2,
    "precio_carta": 140.0,
    "precio_coste": null
  },
  {
    "nombre": "VIJARIEGO 2020",
    "isla": "Gran Canaria",
    "do": "D.O. Gran Canaria",
    "tipo": "blanco",
    "uvas": "VIJARIEGO BLANCO",
    "anada": 2020,
    "stock": 1,
    "precio_carta": 140.0,
    "precio_coste": null
  },
  {
    "nombre": "VERDELLO 2020",
    "isla": "Gran Canaria",
    "do": "D.O. Gran Canaria",
    "tipo": "blanco",
    "uvas": "VERDELLO",
    "anada": 2020,
    "stock": 3,
    "precio_carta": 170.0,
    "precio_coste": null
  },
  {
    "nombre": "BABOSO 2020",
    "isla": "Gran Canaria",
    "do": "D.O. Gran Canaria",
    "tipo": "blanco",
    "uvas": "BABOSO BLANCO",
    "anada": 2020,
    "stock": 1,
    "precio_carta": 170.0,
    "precio_coste": null
  },
  {
    "nombre": "MARMAJUELO 2022",
    "isla": "Gran Canaria",
    "do": "D.O. Gran Canaria",
    "tipo": "blanco",
    "uvas": "MARMAJUELO",
    "anada": 2022,
    "stock": 6,
    "precio_carta": 110.0,
    "precio_coste": 24.1
  },
  {
    "nombre": "MALVASIA 2022",
    "isla": "Gran Canaria",
    "do": "D.O. Gran Canaria",
    "tipo": "blanco",
    "uvas": "MALVASÍA VOLCÁNICA",
    "anada": 2022,
    "stock": 9,
    "precio_carta": 110.0,
    "precio_coste": 24.1
  },
  {
    "nombre": "VIJARIEGO 2022",
    "isla": "Gran Canaria",
    "do": "D.O. Gran Canaria",
    "tipo": "blanco",
    "uvas": "VIJARIEGO BLANCO",
    "anada": 2022,
    "stock": 4,
    "precio_carta": 110.0,
    "precio_coste": null
  },
  {
    "nombre": "VERDELLO 2022",
    "isla": "Gran Canaria",
    "do": "D.O. Gran Canaria",
    "tipo": "blanco",
    "uvas": "VERDELLO",
    "anada": 2022,
    "stock": 4,
    "precio_carta": 120.0,
    "precio_coste": null
  },
  {
    "nombre": "BABOSO 2022",
    "isla": "Gran Canaria",
    "do": "D.O. Gran Canaria",
    "tipo": "blanco",
    "uvas": "BABOSO BLANCO",
    "anada": 2022,
    "stock": 2,
    "precio_carta": 120.0,
    "precio_coste": null
  },
  {
    "nombre": "MARMAJUELO 2023",
    "isla": "Gran Canaria",
    "do": "D.O. Gran Canaria",
    "tipo": "blanco",
    "uvas": "MARMAJUELO",
    "anada": 2023,
    "stock": 0,
    "precio_carta": 90.0,
    "precio_coste": null
  },
  {
    "nombre": "VIJARIEGO 2023",
    "isla": "Gran Canaria",
    "do": "D.O. Gran Canaria",
    "tipo": "blanco",
    "uvas": "VIJARIEGO BLANCO",
    "anada": 2023,
    "stock": 3,
    "precio_carta": 80.0,
    "precio_coste": null
  },
  {
    "nombre": "BABOSO 2023",
    "isla": "Gran Canaria",
    "do": "D.O. Gran Canaria",
    "tipo": "blanco",
    "uvas": "BABOSO BLANCO",
    "anada": 2023,
    "stock": 7,
    "precio_carta": 90.0,
    "precio_coste": 33.71
  },
  {
    "nombre": "MARMAJUELO 2024",
    "isla": "Gran Canaria",
    "do": "D.O. Gran Canaria",
    "tipo": "blanco",
    "uvas": "MARMAJUELO",
    "anada": 2024,
    "stock": 5,
    "precio_carta": 90.0,
    "precio_coste": 24.08
  },
  {
    "nombre": "MALVASIA 2024",
    "isla": "Gran Canaria",
    "do": "D.O. Gran Canaria",
    "tipo": "blanco",
    "uvas": "MALVASÍA VOLCÁNICA",
    "anada": 2024,
    "stock": 3,
    "precio_carta": 80.0,
    "precio_coste": 24.08
  },
  {
    "nombre": "VIJARIEGO 2024",
    "isla": "Gran Canaria",
    "do": "D.O. Gran Canaria",
    "tipo": "blanco",
    "uvas": "VIJARIEGO BLANCO",
    "anada": 2024,
    "stock": 2,
    "precio_carta": 80.0,
    "precio_coste": 24.08
  },
  {
    "nombre": "LISTÁN BLANCO 2024",
    "isla": "Gran Canaria",
    "do": "D.O. Gran Canaria",
    "tipo": "blanco",
    "uvas": "LISTÁN BLANCO",
    "anada": 2024,
    "stock": 2,
    "precio_carta": null,
    "precio_coste": 26.22
  },
  {
    "nombre": "NUBIA 2020",
    "isla": "Gran Canaria",
    "do": "D.O. Gran Canaria",
    "tipo": "blanco",
    "uvas": "MALVASÍA VOLCÁNICA + LISTÁN BLANCO",
    "anada": 2020,
    "stock": 2,
    "precio_carta": 100.0,
    "precio_coste": null
  },
  {
    "nombre": "NUBIA 2022",
    "isla": "Gran Canaria",
    "do": "D.O. Gran Canaria",
    "tipo": "blanco",
    "uvas": "MALVASÍA VOLCÁNICA + LISTÁN BLANCO",
    "anada": 2022,
    "stock": 2,
    "precio_carta": 70.0,
    "precio_coste": null
  },
  {
    "nombre": "NUBIA 2023",
    "isla": "Gran Canaria",
    "do": "D.O. Gran Canaria",
    "tipo": "blanco",
    "uvas": "MALVASÍA VOLCÁNICA + LISTÁN BLANCO",
    "anada": 2023,
    "stock": 2,
    "precio_carta": 60.0,
    "precio_coste": null
  },
  {
    "nombre": "MADROÑAL 2023",
    "isla": "Gran Canaria",
    "do": "D.O. Gran Canaria",
    "tipo": "blanco",
    "uvas": "ALBILLO CRIOLLO",
    "anada": 2023,
    "stock": 4,
    "precio_carta": 90.0,
    "precio_coste": null
  },
  {
    "nombre": "VEGA SPINOLA**",
    "isla": "Lanzarote",
    "do": "D.O. Lanzarote",
    "tipo": "blanco",
    "uvas": "DIEGO",
    "anada": null,
    "stock": 4,
    "precio_carta": 60.0,
    "precio_coste": 20.22
  },
  {
    "nombre": "VEGA SPINOLA LARA**",
    "isla": "Lanzarote",
    "do": "D.O. Lanzarote",
    "tipo": "blanco",
    "uvas": "LISTÁN BLANCO",
    "anada": null,
    "stock": 5,
    "precio_carta": 120.0,
    "precio_coste": null
  },
  {
    "nombre": "COHOMBRILLO 4/",
    "isla": "Lanzarote",
    "do": "D.O. Lanzarote",
    "tipo": "blanco",
    "uvas": null,
    "anada": null,
    "stock": 0,
    "precio_carta": 24.0,
    "precio_coste": null
  },
  {
    "nombre": "AJUL 2019**",
    "isla": "Lanzarote",
    "do": "D.O. Lanzarote",
    "tipo": "blanco",
    "uvas": "MALVASÍA",
    "anada": 2019,
    "stock": 0,
    "precio_carta": 190.0,
    "precio_coste": null
  },
  {
    "nombre": "AJUL 2021**",
    "isla": "Lanzarote",
    "do": "D.O. Lanzarote",
    "tipo": "blanco",
    "uvas": "MALVASÍA",
    "anada": 2021,
    "stock": 0,
    "precio_carta": 80.0,
    "precio_coste": null
  },
  {
    "nombre": "AJUL 2022**",
    "isla": "Lanzarote",
    "do": "D.O. Lanzarote",
    "tipo": "blanco",
    "uvas": "MALVASÍA",
    "anada": 2022,
    "stock": 1,
    "precio_carta": 60.0,
    "precio_coste": null
  },
  {
    "nombre": "RANCIO DE COHOMBRILLO 2018**",
    "isla": "Lanzarote",
    "do": "D.O. Lanzarote",
    "tipo": "blanco",
    "uvas": "MALVASÍA",
    "anada": 2018,
    "stock": 0,
    "precio_carta": 100.0,
    "precio_coste": null
  },
  {
    "nombre": "JABLE DE TAO 2022",
    "isla": "Lanzarote",
    "do": "D.O. Lanzarote",
    "tipo": "blanco",
    "uvas": "MALVASÍA VOLCANICA + LISTÁN BLANCO + DIEGO + LISTÁN NEGRO",
    "anada": 2022,
    "stock": 1,
    "precio_carta": 70.0,
    "precio_coste": null
  },
  {
    "nombre": "JABLE DE TAO 2023",
    "isla": "Lanzarote",
    "do": "D.O. Lanzarote",
    "tipo": "blanco",
    "uvas": "MALVASÍA VOLCANICA + LISTÁN BLANCO + DIEGO + LISTÁN NEGRO",
    "anada": 2023,
    "stock": 3,
    "precio_carta": 70.0,
    "precio_coste": null
  },
  {
    "nombre": "TENESAR 2022",
    "isla": "Lanzarote",
    "do": "D.O. Lanzarote",
    "tipo": "blanco",
    "uvas": "MALVASÍA VOLCÁNICA",
    "anada": 2022,
    "stock": 1,
    "precio_carta": 90.0,
    "precio_coste": null
  },
  {
    "nombre": "TENESAR 2023",
    "isla": "Lanzarote",
    "do": "D.O. Lanzarote",
    "tipo": "blanco",
    "uvas": "MALVASÍA VOLCÁNICA",
    "anada": 2023,
    "stock": 3,
    "precio_carta": null,
    "precio_coste": null
  },
  {
    "nombre": "CHUPADERO 2022",
    "isla": "Lanzarote",
    "do": "D.O. Lanzarote",
    "tipo": "blanco",
    "uvas": "LISTAN BLANCO",
    "anada": 2022,
    "stock": 0,
    "precio_carta": 120.0,
    "precio_coste": null
  },
  {
    "nombre": "CHUPADERO 2023",
    "isla": "Lanzarote",
    "do": "D.O. Lanzarote",
    "tipo": "blanco",
    "uvas": "LISTAN BLANCO",
    "anada": 2023,
    "stock": 0,
    "precio_carta": 90.0,
    "precio_coste": null
  },
  {
    "nombre": "LA DIEGO 2022",
    "isla": "Lanzarote",
    "do": "D.O. Lanzarote",
    "tipo": "blanco",
    "uvas": "DIEGO",
    "anada": 2022,
    "stock": 0,
    "precio_carta": 120.0,
    "precio_coste": null
  },
  {
    "nombre": "LA DIEGO 2023",
    "isla": "Lanzarote",
    "do": "D.O. Lanzarote",
    "tipo": "blanco",
    "uvas": "DIEGO",
    "anada": 2023,
    "stock": 0,
    "precio_carta": 90.0,
    "precio_coste": null
  },
  {
    "nombre": "AGANADA 2020",
    "isla": "Lanzarote",
    "do": "D.O. Lanzarote",
    "tipo": "blanco",
    "uvas": "DIEGO",
    "anada": 2020,
    "stock": 3,
    "precio_carta": 85.0,
    "precio_coste": null
  },
  {
    "nombre": "AGANADA 2021",
    "isla": "Lanzarote",
    "do": "D.O. Lanzarote",
    "tipo": "blanco",
    "uvas": "DIEGO",
    "anada": 2021,
    "stock": 3,
    "precio_carta": 75.0,
    "precio_coste": null
  },
  {
    "nombre": "MAHO 2023",
    "isla": "Lanzarote",
    "do": "D.O. Lanzarote",
    "tipo": "blanco",
    "uvas": "MALVASÍA VOLCÁNICA",
    "anada": 2023,
    "stock": 0,
    "precio_carta": 50.0,
    "precio_coste": 18.19
  },
  {
    "nombre": "TARO 2020**",
    "isla": "Lanzarote",
    "do": "D.O. Lanzarote",
    "tipo": "blanco",
    "uvas": "MALVASÍA VOLCÁNICA + LISTÁN BLANCO + DIEGO",
    "anada": 2020,
    "stock": 0,
    "precio_carta": 90.0,
    "precio_coste": null
  },
  {
    "nombre": "TARO 2021",
    "isla": "Lanzarote",
    "do": "D.O. Lanzarote",
    "tipo": "blanco",
    "uvas": "MALVASÍA VOLCÁNICA + LISTÁN BLANCO + DIEGO",
    "anada": 2021,
    "stock": 0,
    "precio_carta": 50.0,
    "precio_coste": null
  },
  {
    "nombre": "TARO FRÍAS 2021**",
    "isla": "Lanzarote",
    "do": "D.O. Lanzarote",
    "tipo": "blanco",
    "uvas": "LISTÁN BLANCO",
    "anada": 2021,
    "stock": 3,
    "precio_carta": 80.0,
    "precio_coste": null
  },
  {
    "nombre": "TARO LA NAVE 2021",
    "isla": "Lanzarote",
    "do": "D.O. Lanzarote",
    "tipo": "blanco",
    "uvas": "MALVASÍA VOLCÁNICA",
    "anada": 2021,
    "stock": 0,
    "precio_carta": 65.0,
    "precio_coste": null
  },
  {
    "nombre": "VOLCAN DE LA CORONA 2021",
    "isla": "Lanzarote",
    "do": "D.O. Lanzarote",
    "tipo": "blanco",
    "uvas": "LISTÁN BLANCO",
    "anada": 2021,
    "stock": 0,
    "precio_carta": 95.0,
    "precio_coste": null
  },
  {
    "nombre": "VOLCAN DE LA CORONA 2023",
    "isla": "Lanzarote",
    "do": "D.O. Lanzarote",
    "tipo": "blanco",
    "uvas": "LISTÁN BLANCO",
    "anada": 2023,
    "stock": 0,
    "precio_carta": 75.0,
    "precio_coste": null
  },
  {
    "nombre": "BARRANCO DEL OBISPO 2021**",
    "isla": "Lanzarote",
    "do": "D.O. Lanzarote",
    "tipo": "blanco",
    "uvas": "MALVASÍA VOLCÁNICA + LISTÁN BLANCO + DIEGO",
    "anada": 2021,
    "stock": 0,
    "precio_carta": 110.0,
    "precio_coste": null
  },
  {
    "nombre": "BARRANCO DEL OBISPO 2022**",
    "isla": "Lanzarote",
    "do": "D.O. Lanzarote",
    "tipo": "blanco",
    "uvas": "MALVASÍA VOLCÁNICA + LISTÁN BLANCO + DIEGO",
    "anada": 2022,
    "stock": 0,
    "precio_carta": 75.0,
    "precio_coste": null
  },
  {
    "nombre": "SINESIO 2022",
    "isla": "Tenerife",
    "do": null,
    "tipo": "blanco",
    "uvas": "MARMAJIELO + VIJARIEGO + LISTÁN BLANCO + FORASTERA GOMERA",
    "anada": 2022,
    "stock": 3,
    "precio_carta": 80.0,
    "precio_coste": null
  },
  {
    "nombre": "SINESIO 2023",
    "isla": "Tenerife",
    "do": null,
    "tipo": "blanco",
    "uvas": "MARMAJIELO + VIJARIEGO + LISTÁN BLANCO + FORASTERA GOMERA",
    "anada": 2023,
    "stock": 6,
    "precio_carta": 70.0,
    "precio_coste": null
  },
  {
    "nombre": "EL MEDIANERO",
    "isla": "Tenerife",
    "do": null,
    "tipo": "blanco",
    "uvas": "ALBILLO CRIOLLO",
    "anada": null,
    "stock": 2,
    "precio_carta": 70.0,
    "precio_coste": null
  },
  {
    "nombre": "TÁGANAN MAGNUM 2021",
    "isla": "Tenerife",
    "do": null,
    "tipo": "blanco",
    "uvas": "LISTÁN + MARMAJUELO + VERDELLO + VIJARIEGO",
    "anada": 2021,
    "stock": 0,
    "precio_carta": 230.0,
    "precio_coste": null
  },
  {
    "nombre": "TÁGANAN MAGNUM 2023",
    "isla": "Tenerife",
    "do": null,
    "tipo": "blanco",
    "uvas": "LISTÁN + MARMAJUELO + VERDELLO + VIJARIEGO",
    "anada": 2023,
    "stock": 0,
    "precio_carta": 150.0,
    "precio_coste": null
  },
  {
    "nombre": "PALO BLANCO MAGNUM 2021",
    "isla": "Tenerife",
    "do": null,
    "tipo": "blanco",
    "uvas": "LISTÁN BLANCO",
    "anada": 2021,
    "stock": 0,
    "precio_carta": 120.0,
    "precio_coste": null
  },
  {
    "nombre": "PALO BLANCO 2021",
    "isla": "Tenerife",
    "do": null,
    "tipo": "blanco",
    "uvas": "LISTÁN BLANCO",
    "anada": 2021,
    "stock": 0,
    "precio_carta": 130.0,
    "precio_coste": null
  },
  {
    "nombre": "PALO BLANCO 2022",
    "isla": "Tenerife",
    "do": null,
    "tipo": "blanco",
    "uvas": "LISTÁN BLANCO",
    "anada": 2022,
    "stock": 0,
    "precio_carta": 90.0,
    "precio_coste": null
  },
  {
    "nombre": "PALO BLANCO 2023",
    "isla": "Tenerife",
    "do": null,
    "tipo": "blanco",
    "uvas": "LISTÁN BLANCO",
    "anada": 2023,
    "stock": 0,
    "precio_carta": 70.0,
    "precio_coste": null
  },
  {
    "nombre": "PALO BLANCO 2024",
    "isla": "Tenerife",
    "do": null,
    "tipo": "blanco",
    "uvas": "LISTÁN BLANCO",
    "anada": 2024,
    "stock": 0,
    "precio_carta": 55.0,
    "precio_coste": 20.33
  },
  {
    "nombre": "TAGANAN 2022",
    "isla": "Tenerife",
    "do": null,
    "tipo": "blanco",
    "uvas": "ALBILLO CRIOLLO + MARMAJUELO + GUAL + VIJARIEGO",
    "anada": 2022,
    "stock": 0,
    "precio_carta": 90.0,
    "precio_coste": null
  },
  {
    "nombre": "TAGANAN 2023",
    "isla": "Tenerife",
    "do": null,
    "tipo": "blanco",
    "uvas": "ALBILLO CRIOLLO + MARMAJUELO + GUAL + VIJARIEGO",
    "anada": 2023,
    "stock": 0,
    "precio_carta": 70.0,
    "precio_coste": null
  },
  {
    "nombre": "RUKU RUKU 2023",
    "isla": "Tenerife",
    "do": null,
    "tipo": "blanco",
    "uvas": "LISTÁN BLANCO",
    "anada": 2023,
    "stock": 3,
    "precio_carta": 60.0,
    "precio_coste": null
  },
  {
    "nombre": "LAS TOSCAS 2022",
    "isla": "Tenerife",
    "do": null,
    "tipo": "blanco",
    "uvas": "LISTÁN BLANCO",
    "anada": 2022,
    "stock": 0,
    "precio_carta": 95.0,
    "precio_coste": null
  },
  {
    "nombre": "LAS TOSCAS 2023",
    "isla": "Tenerife",
    "do": null,
    "tipo": "blanco",
    "uvas": "LISTÁN BLANCO",
    "anada": 2023,
    "stock": 0,
    "precio_carta": 75.0,
    "precio_coste": null
  },
  {
    "nombre": "ALMATURA ORANGE 2021**",
    "isla": "Tenerife",
    "do": null,
    "tipo": "blanco",
    "uvas": "LISTÁN BLANCO",
    "anada": 2021,
    "stock": 3,
    "precio_carta": 90.0,
    "precio_coste": null
  },
  {
    "nombre": "ALMATURA 2022",
    "isla": "Tenerife",
    "do": null,
    "tipo": "blanco",
    "uvas": "LISTÁN BLANCO",
    "anada": 2022,
    "stock": 2,
    "precio_carta": 110.0,
    "precio_coste": null
  },
  {
    "nombre": "VITA 2020**",
    "isla": "Tenerife",
    "do": null,
    "tipo": "blanco",
    "uvas": "ALBILLO CRIOLLO",
    "anada": 2020,
    "stock": 0,
    "precio_carta": 60.0,
    "precio_coste": null
  },
  {
    "nombre": "VB ARANTIUM 2021**",
    "isla": "Tenerife",
    "do": null,
    "tipo": "blanco",
    "uvas": "LISTÁN BLANCO",
    "anada": 2021,
    "stock": 0,
    "precio_carta": 60.0,
    "precio_coste": null
  },
  {
    "nombre": "EL BUCIO 2022**",
    "isla": "Tenerife",
    "do": null,
    "tipo": "blanco",
    "uvas": "LISTÁN BLANCO",
    "anada": 2022,
    "stock": 0,
    "precio_carta": 100.0,
    "precio_coste": null
  },
  {
    "nombre": "IMPARES 03 2016**",
    "isla": "Tenerife",
    "do": null,
    "tipo": "blanco",
    "uvas": "LISTAN BLANCO",
    "anada": 2016,
    "stock": 0,
    "precio_carta": 170.0,
    "precio_coste": null
  },
  {
    "nombre": "IMPARES 05 2017**",
    "isla": "Tenerife",
    "do": null,
    "tipo": "blanco",
    "uvas": "LISTAN BLANCO",
    "anada": 2017,
    "stock": 0,
    "precio_carta": 150.0,
    "precio_coste": null
  },
  {
    "nombre": "OLIVIA 2021**",
    "isla": "Tenerife",
    "do": "D.O. Tacoronte-Acentejo",
    "tipo": "blanco",
    "uvas": "LISTAN BLANCO",
    "anada": 2021,
    "stock": 0,
    "precio_carta": 90.0,
    "precio_coste": null
  },
  {
    "nombre": "OLIVIA 2022**",
    "isla": "Tenerife",
    "do": "D.O. Tacoronte-Acentejo",
    "tipo": "blanco",
    "uvas": "LISTAN BLANCO",
    "anada": 2022,
    "stock": 0,
    "precio_carta": 70.0,
    "precio_coste": null
  },
  {
    "nombre": "SAN CLEMENTE 2021",
    "isla": "Tenerife",
    "do": "D.O. Tacoronte-Acentejo",
    "tipo": "blanco",
    "uvas": "MALVASÍA AROMÁTICA + BABOSO BLANCO + MARMAJUELO + VIJARIEGO",
    "anada": 2021,
    "stock": 1,
    "precio_carta": null,
    "precio_coste": null
  },
  {
    "nombre": "LOS LOROS MOSCATEL 2021",
    "isla": "Tenerife",
    "do": "D.O. Valle de Güímar",
    "tipo": "blanco",
    "uvas": "MOSCATEL",
    "anada": 2021,
    "stock": 0,
    "precio_carta": 50.0,
    "precio_coste": null
  },
  {
    "nombre": "LA BOTA DE MATEO 2019",
    "isla": "Tenerife",
    "do": "D.O. Valle de Güímar",
    "tipo": "blanco",
    "uvas": "LISTÁN BLANCO",
    "anada": 2019,
    "stock": 1,
    "precio_carta": 190.0,
    "precio_coste": null
  },
  {
    "nombre": "LA BOTA DE MATEO 2021",
    "isla": "Tenerife",
    "do": "D.O. Valle de Güímar",
    "tipo": "blanco",
    "uvas": "LISTÁN BLANCO",
    "anada": 2021,
    "stock": 2,
    "precio_carta": 95.0,
    "precio_coste": null
  },
  {
    "nombre": "LA BOTA DE MATEO 2022",
    "isla": "Tenerife",
    "do": "D.O. Valle de Güímar",
    "tipo": "blanco",
    "uvas": "LISTÁN BLANCO",
    "anada": 2022,
    "stock": 2,
    "precio_carta": 75.0,
    "precio_coste": null
  },
  {
    "nombre": "ORACÁN 2019**",
    "isla": "Tenerife",
    "do": "D.O. Valle de Güímar",
    "tipo": "blanco",
    "uvas": "LISTÁN BLANCO",
    "anada": 2019,
    "stock": 1,
    "precio_carta": 130.0,
    "precio_coste": null
  },
  {
    "nombre": "ORACÁN 2020**",
    "isla": "Tenerife",
    "do": "D.O. Valle de Güímar",
    "tipo": "blanco",
    "uvas": "LISTÁN BLANCO",
    "anada": 2020,
    "stock": 2,
    "precio_carta": 75.0,
    "precio_coste": null
  },
  {
    "nombre": "ORACÁN 2021**",
    "isla": "Tenerife",
    "do": "D.O. Valle de Güímar",
    "tipo": "blanco",
    "uvas": "LISTÁN BLANCO",
    "anada": 2021,
    "stock": 2,
    "precio_carta": 65.0,
    "precio_coste": null
  },
  {
    "nombre": "LA CHOZA DEL CABRERO 2021",
    "isla": "Tenerife",
    "do": "D.O. Valle de Güímar",
    "tipo": "blanco",
    "uvas": "LISTÁN BLANCO",
    "anada": 2021,
    "stock": 2,
    "precio_carta": 70.0,
    "precio_coste": null
  },
  {
    "nombre": "LA CHOZA DEL CABRERO 2022",
    "isla": "Tenerife",
    "do": "D.O. Valle de Güímar",
    "tipo": "blanco",
    "uvas": "LISTÁN BLANCO",
    "anada": 2022,
    "stock": 2,
    "precio_carta": 60.0,
    "precio_coste": null
  },
  {
    "nombre": "LOS PELADOS 2021",
    "isla": "Tenerife",
    "do": "D.O. Valle de Güímar",
    "tipo": "blanco",
    "uvas": "LISTÁN BLANCO",
    "anada": 2021,
    "stock": 3,
    "precio_carta": 90.0,
    "precio_coste": null
  },
  {
    "nombre": "LOS PELADOS 2023",
    "isla": "Tenerife",
    "do": "D.O. Valle de Güímar",
    "tipo": "blanco",
    "uvas": "LISTÁN BLANCO",
    "anada": 2023,
    "stock": 3,
    "precio_carta": 60.0,
    "precio_coste": null
  },
  {
    "nombre": "CANDELA 2022",
    "isla": "Tenerife",
    "do": "D.O. Valle de Güímar",
    "tipo": "blanco",
    "uvas": "LISTÁN BLANCO",
    "anada": 2022,
    "stock": 0,
    "precio_carta": 85.0,
    "precio_coste": null
  },
  {
    "nombre": "CANDELA 2023",
    "isla": "Tenerife",
    "do": "D.O. Valle de Güímar",
    "tipo": "blanco",
    "uvas": "LISTÁN BLANCO",
    "anada": 2023,
    "stock": 0,
    "precio_carta": 75.0,
    "precio_coste": null
  },
  {
    "nombre": "EL REBUSCO 2021",
    "isla": "Tenerife",
    "do": "D.O. Valle de Güímar",
    "tipo": "blanco",
    "uvas": "LISTÁN BLANCO",
    "anada": 2021,
    "stock": 0,
    "precio_carta": 60.0,
    "precio_coste": null
  },
  {
    "nombre": "VIDONIA 2020",
    "isla": "Tenerife",
    "do": "D.O. Valle de La Orotava",
    "tipo": "blanco",
    "uvas": "LISTÁN BLANCO",
    "anada": 2020,
    "stock": 0,
    "precio_carta": 140.0,
    "precio_coste": null
  },
  {
    "nombre": "VIDONIA 2021",
    "isla": "Tenerife",
    "do": "D.O. Valle de La Orotava",
    "tipo": "blanco",
    "uvas": "LISTÁN BLANCO",
    "anada": 2021,
    "stock": 0,
    "precio_carta": 100.0,
    "precio_coste": null
  },
  {
    "nombre": "VIDONIA 2022",
    "isla": "Tenerife",
    "do": "D.O. Valle de La Orotava",
    "tipo": "blanco",
    "uvas": "LISTÁN BLANCO",
    "anada": 2022,
    "stock": 0,
    "precio_carta": 80.0,
    "precio_coste": null
  },
  {
    "nombre": "VIDONIA 2023",
    "isla": "Tenerife",
    "do": "D.O. Valle de La Orotava",
    "tipo": "blanco",
    "uvas": "LISTÁN BLANCO",
    "anada": 2023,
    "stock": 0,
    "precio_carta": 70.0,
    "precio_coste": null
  },
  {
    "nombre": "VIDONIA MAGNUM 2022",
    "isla": "Tenerife",
    "do": "D.O. Valle de La Orotava",
    "tipo": "blanco",
    "uvas": "LISTÁN BLANCO",
    "anada": 2022,
    "stock": 0,
    "precio_carta": 140.0,
    "precio_coste": null
  },
  {
    "nombre": "VIDONIA V.P. 2020",
    "isla": "Tenerife",
    "do": "D.O. Valle de La Orotava",
    "tipo": "blanco",
    "uvas": "LISTÁN BLANCO",
    "anada": 2020,
    "stock": 0,
    "precio_carta": 260.0,
    "precio_coste": null
  },
  {
    "nombre": "VIDONIA V.P. 2021",
    "isla": "Tenerife",
    "do": "D.O. Valle de La Orotava",
    "tipo": "blanco",
    "uvas": "LISTÁN BLANCO",
    "anada": 2021,
    "stock": 0,
    "precio_carta": 220.0,
    "precio_coste": null
  },
  {
    "nombre": "VIDONIA V.P. 2022",
    "isla": "Tenerife",
    "do": "D.O. Valle de La Orotava",
    "tipo": "blanco",
    "uvas": "LISTÁN BLANCO",
    "anada": 2022,
    "stock": 0,
    "precio_carta": 160.0,
    "precio_coste": null
  },
  {
    "nombre": "VIDONIA V.P. 2023",
    "isla": "Tenerife",
    "do": "D.O. Valle de La Orotava",
    "tipo": "blanco",
    "uvas": "LISTÁN BLANCO",
    "anada": 2023,
    "stock": 0,
    "precio_carta": 140.0,
    "precio_coste": null
  },
  {
    "nombre": "SUERTE DEL MARQUÉS EDICION 1 2022",
    "isla": "Tenerife",
    "do": "D.O. Valle de La Orotava",
    "tipo": "blanco",
    "uvas": "LISTÁN BLANCO",
    "anada": 2022,
    "stock": 0,
    "precio_carta": 290.0,
    "precio_coste": null
  },
  {
    "nombre": "SUERTE DEL MARQUÉS EDICION 2 2023",
    "isla": "Tenerife",
    "do": "D.O. Valle de La Orotava",
    "tipo": "blanco",
    "uvas": "LISTÁN BLANCO",
    "anada": 2023,
    "stock": 0,
    "precio_carta": 190.0,
    "precio_coste": null
  },
  {
    "nombre": "FORTIFICADO **",
    "isla": "Tenerife",
    "do": "D.O. Valle de La Orotava",
    "tipo": "blanco",
    "uvas": "LISTÁN BLANCO",
    "anada": null,
    "stock": 0,
    "precio_carta": 150.0,
    "precio_coste": null
  },
  {
    "nombre": "SOLERA 1906",
    "isla": "Tenerife",
    "do": "D.O. Valle de La Orotava",
    "tipo": "blanco",
    "uvas": "LISTÁN BLANCO + OTRAS",
    "anada": 1906,
    "stock": 0,
    "precio_carta": 210.0,
    "precio_coste": null
  },
  {
    "nombre": "ARAUCARIA 2022",
    "isla": "Tenerife",
    "do": "D.O. Valle de La Orotava",
    "tipo": "blanco",
    "uvas": "LISTÁN BLANCO",
    "anada": 2022,
    "stock": 0,
    "precio_carta": 60.0,
    "precio_coste": null
  },
  {
    "nombre": "CALIMA 2023**",
    "isla": "Tenerife",
    "do": "D.O. Valle de La Orotava",
    "tipo": "blanco",
    "uvas": "LISTÁN BLANCO",
    "anada": 2023,
    "stock": 5,
    "precio_carta": 60.0,
    "precio_coste": null
  },
  {
    "nombre": "XERCOS 2020",
    "isla": null,
    "do": "D.O. Islas Canarias",
    "tipo": "blanco",
    "uvas": "VIJARIEGO BLANCO",
    "anada": 2020,
    "stock": 0,
    "precio_carta": 60.0,
    "precio_coste": null
  },
  {
    "nombre": "XERCOS 2021",
    "isla": null,
    "do": "D.O. Islas Canarias",
    "tipo": "blanco",
    "uvas": "VIJARIEGO BLANCO",
    "anada": 2021,
    "stock": 0,
    "precio_carta": 50.0,
    "precio_coste": null
  },
  {
    "nombre": "EVENTO 2017",
    "isla": null,
    "do": "D.O. Islas Canarias",
    "tipo": "blanco",
    "uvas": "LISTAN BLANCO",
    "anada": 2017,
    "stock": 3,
    "precio_carta": 180.0,
    "precio_coste": null
  },
  {
    "nombre": "O´DALY ALBILLO DE FUEGO 2020",
    "isla": "La Palma",
    "do": "D.O. La Palma",
    "tipo": "blanco",
    "uvas": "ALBILLO CRIOLLO",
    "anada": 2020,
    "stock": 0,
    "precio_carta": 120.0,
    "precio_coste": null
  },
  {
    "nombre": "O´DALY MALVASIA RANCIO 2014**",
    "isla": "La Palma",
    "do": "D.O. La Palma",
    "tipo": "blanco",
    "uvas": "MALVASIA",
    "anada": 2014,
    "stock": 0,
    "precio_carta": 200.0,
    "precio_coste": null
  },
  {
    "nombre": "EL CÁNTARO 2022",
    "isla": "La Palma",
    "do": "D.O. La Palma",
    "tipo": "blanco",
    "uvas": "ALBILLO CRIOLLO + LISTÁN BLANCO",
    "anada": 2022,
    "stock": 0,
    "precio_carta": 65.0,
    "precio_coste": null
  },
  {
    "nombre": "EL CÁNTARO 2022",
    "isla": "La Palma",
    "do": "D.O. La Palma",
    "tipo": "blanco",
    "uvas": "LISTÁN BLANCO",
    "anada": 2022,
    "stock": 0,
    "precio_carta": 60.0,
    "precio_coste": null
  },
  {
    "nombre": "DIE-GO 2022",
    "isla": "La Palma",
    "do": "D.O. La Palma",
    "tipo": "blanco",
    "uvas": "DIEGO",
    "anada": 2022,
    "stock": 0,
    "precio_carta": 70.0,
    "precio_coste": null
  },
  {
    "nombre": "PIEDRA JURADA 2023",
    "isla": "La Palma",
    "do": "D.O. La Palma",
    "tipo": "blanco",
    "uvas": "ALBILLO CRIOLLO",
    "anada": 2023,
    "stock": 4,
    "precio_carta": 65.0,
    "precio_coste": null
  },
  {
    "nombre": "DIALECTICA DE LOS OPUESTOS 2021",
    "isla": "La Palma",
    "do": "D.O. La Palma",
    "tipo": "blanco",
    "uvas": "MALVASIA + ALBILLO",
    "anada": 2021,
    "stock": 0,
    "precio_carta": 110.0,
    "precio_coste": null
  },
  {
    "nombre": "DIALECTICA DE LOS OPUESTOS 2022/23",
    "isla": "La Palma",
    "do": "D.O. La Palma",
    "tipo": "blanco",
    "uvas": "ALBILLO + LISÁN BLANCO",
    "anada": 2022,
    "stock": 0,
    "precio_carta": 95.0,
    "precio_coste": null
  },
  {
    "nombre": "JERONIMO 2022",
    "isla": "La Palma",
    "do": "D.O. La Palma",
    "tipo": "blanco",
    "uvas": "LISTÁN BLANCO",
    "anada": 2022,
    "stock": 0,
    "precio_carta": 80.0,
    "precio_coste": null
  },
  {
    "nombre": "LAS MACHUQUERAS 2022",
    "isla": "La Palma",
    "do": "D.O. La Palma",
    "tipo": "blanco",
    "uvas": "LISTÁN BLANCO",
    "anada": 2022,
    "stock": 0,
    "precio_carta": 100.0,
    "precio_coste": null
  },
  {
    "nombre": "LAS MACHUQUERAS S/A",
    "isla": "La Palma",
    "do": "D.O. La Palma",
    "tipo": "blanco",
    "uvas": "LISTÁN BLANCO",
    "anada": null,
    "stock": 0,
    "precio_carta": 90.0,
    "precio_coste": null
  },
  {
    "nombre": "LAS MIGAS 2021",
    "isla": "La Palma",
    "do": "D.O. La Palma",
    "tipo": "blanco",
    "uvas": "LISTÁN BLANCO",
    "anada": 2021,
    "stock": 0,
    "precio_carta": 110.0,
    "precio_coste": null
  },
  {
    "nombre": "LAS MIGAS 2023",
    "isla": "La Palma",
    "do": "D.O. La Palma",
    "tipo": "blanco",
    "uvas": "LISTÁN BLANCO",
    "anada": 2023,
    "stock": 0,
    "precio_carta": 95.0,
    "precio_coste": null
  },
  {
    "nombre": "DIEGO 2022",
    "isla": "La Palma",
    "do": "D.O. La Palma",
    "tipo": "blanco",
    "uvas": "DIEGO",
    "anada": 2022,
    "stock": 0,
    "precio_carta": 80.0,
    "precio_coste": null
  },
  {
    "nombre": "PIEZAS N4 2023",
    "isla": "La Palma",
    "do": "D.O. La Palma",
    "tipo": "blanco",
    "uvas": "MALVASIA",
    "anada": 2023,
    "stock": 0,
    "precio_carta": 90.0,
    "precio_coste": null
  },
  {
    "nombre": "MONTE 2023",
    "isla": "La Palma",
    "do": "D.O. La Palma",
    "tipo": "blanco",
    "uvas": "LISTAN BLANCO",
    "anada": 2023,
    "stock": 0,
    "precio_carta": 90.0,
    "precio_coste": null
  },
  {
    "nombre": "SLQ S/A",
    "isla": "La Palma",
    "do": "D.O. La Palma",
    "tipo": "blanco",
    "uvas": "LISTAN BLANCO + MALVASIA",
    "anada": null,
    "stock": 0,
    "precio_carta": 90.0,
    "precio_coste": null
  },
  {
    "nombre": "LA PILLI 2021",
    "isla": "La Palma",
    "do": "D.O. La Palma",
    "tipo": "blanco",
    "uvas": "MALVASÍA",
    "anada": 2021,
    "stock": 0,
    "precio_carta": 70.0,
    "precio_coste": null
  },
  {
    "nombre": "TIGOTAN 2021",
    "isla": "La Palma",
    "do": "D.O. La Palma",
    "tipo": "blanco",
    "uvas": "LISTÁN BLANCO",
    "anada": 2021,
    "stock": 0,
    "precio_carta": 70.0,
    "precio_coste": null
  },
  {
    "nombre": "MARESÍA DEL ATLÁNTICO 2021",
    "isla": "La Palma",
    "do": "D.O. La Palma",
    "tipo": "blanco",
    "uvas": "LISTÁN BLANCO",
    "anada": 2021,
    "stock": 0,
    "precio_carta": 50.0,
    "precio_coste": null
  },
  {
    "nombre": "CANDELARIO BLANCO 2023",
    "isla": "La Palma",
    "do": "D.O. La Palma",
    "tipo": "blanco",
    "uvas": "LISTÁN + ALBILLO + VIJARIEGO",
    "anada": 2023,
    "stock": 0,
    "precio_carta": 100.0,
    "precio_coste": null
  },
  {
    "nombre": "CANDELARIO BLANCO 2024",
    "isla": "La Palma",
    "do": "D.O. La Palma",
    "tipo": "blanco",
    "uvas": "LISTÁN + ALBILLO + VIJARIEGO",
    "anada": 2024,
    "stock": 0,
    "precio_carta": 80.0,
    "precio_coste": 24.61
  },
  {
    "nombre": "SINGULARIS 2020",
    "isla": "La Palma",
    "do": "D.O. La Palma",
    "tipo": "blanco",
    "uvas": "MALVASIA AROMATICA",
    "anada": 2020,
    "stock": 3,
    "precio_carta": 130.0,
    "precio_coste": null
  },
  {
    "nombre": "SINGULARIS 2021",
    "isla": "La Palma",
    "do": "D.O. La Palma",
    "tipo": "blanco",
    "uvas": "ALBILLO CRIOLLO",
    "anada": 2021,
    "stock": 9,
    "precio_carta": 110.0,
    "precio_coste": null
  },
  {
    "nombre": "LOS TABAQUEROS 2006",
    "isla": "La Palma",
    "do": "D.O. La Palma",
    "tipo": "blanco",
    "uvas": "LISTÁN BLANCO + VIJARIEGO + GUAL + SABRO + MALVASÍA AROMÁTICA",
    "anada": 2006,
    "stock": 3,
    "precio_carta": 105.0,
    "precio_coste": null
  },
  {
    "nombre": "LA TIME 2000",
    "isla": "La Palma",
    "do": "D.O. La Palma",
    "tipo": "blanco",
    "uvas": "LISTÁN BLANCO",
    "anada": 2000,
    "stock": 0,
    "precio_carta": 90.0,
    "precio_coste": null
  },
  {
    "nombre": "LA TABLADA 2018",
    "isla": "La Palma",
    "do": "D.O. La Palma",
    "tipo": "blanco",
    "uvas": "SABRO + MARMAJUELO + MALVASÍA AROMÁTICA",
    "anada": 2018,
    "stock": 0,
    "precio_carta": 110.0,
    "precio_coste": null
  },
  {
    "nombre": "LA TABLADA 2022",
    "isla": "La Palma",
    "do": "D.O. La Palma",
    "tipo": "blanco",
    "uvas": "SABRO + MARMAJUELO + MALVASÍA AROMÁTICA",
    "anada": 2022,
    "stock": 0,
    "precio_carta": 70.0,
    "precio_coste": null
  },
  {
    "nombre": "MONTE 2017",
    "isla": "La Palma",
    "do": "D.O. La Palma",
    "tipo": "blanco",
    "uvas": "LISTÁN BLANCO",
    "anada": 2017,
    "stock": 0,
    "precio_carta": 95.0,
    "precio_coste": null
  },
  {
    "nombre": "LAS MIGAS 2018",
    "isla": "La Palma",
    "do": "D.O. La Palma",
    "tipo": "blanco",
    "uvas": "LISTÁN BLANCO",
    "anada": 2018,
    "stock": 0,
    "precio_carta": 120.0,
    "precio_coste": null
  },
  {
    "nombre": "VINO DE LA MESA 2020",
    "isla": "La Palma",
    "do": "D.O. La Palma",
    "tipo": "blanco",
    "uvas": "MALVASIA",
    "anada": 2020,
    "stock": 0,
    "precio_carta": 100.0,
    "precio_coste": null
  },
  {
    "nombre": "MALVASÍA AROMATICA 2022",
    "isla": "La Palma",
    "do": "D.O. La Palma",
    "tipo": "blanco",
    "uvas": "MALVASÍA AROMATICA",
    "anada": 2022,
    "stock": 0,
    "precio_carta": 80.0,
    "precio_coste": null
  },
  {
    "nombre": "LISTAN BLANCO 2022",
    "isla": "La Palma",
    "do": "D.O. La Palma",
    "tipo": "blanco",
    "uvas": "LISTÁN BLANCO",
    "anada": 2022,
    "stock": 0,
    "precio_carta": 70.0,
    "precio_coste": null
  },
  {
    "nombre": "RAJADERO 2024",
    "isla": "La Gomera",
    "do": "D.O. La Gomera",
    "tipo": "blanco",
    "uvas": "FORASTERA GOMERA + LISTÁN BLANCO",
    "anada": 2024,
    "stock": 5,
    "precio_carta": 60.0,
    "precio_coste": 20.0
  },
  {
    "nombre": "RAJADERO ENTERRADO 2021",
    "isla": "La Gomera",
    "do": "D.O. La Gomera",
    "tipo": "blanco",
    "uvas": "LISTÁN BLANCO + FORASTERA GOMERA",
    "anada": 2021,
    "stock": 3,
    "precio_carta": 130.0,
    "precio_coste": null
  },
  {
    "nombre": "LAS MADRES 2023",
    "isla": "La Gomera",
    "do": "D.O. La Gomera",
    "tipo": "blanco",
    "uvas": "FORASTERA GOMERA",
    "anada": 2023,
    "stock": 0,
    "precio_carta": 55.0,
    "precio_coste": 18.19
  },
  {
    "nombre": "BLANCO DE PATA ECOLOGICO 2022",
    "isla": "El Hierro",
    "do": "D.O. El Hierro",
    "tipo": "blanco",
    "uvas": "LISTAN BLANCO + VERDELLO",
    "anada": 2022,
    "stock": 0,
    "precio_carta": 65.0,
    "precio_coste": null
  },
  {
    "nombre": "ELYSAR 2018",
    "isla": "El Hierro",
    "do": "D.O. El Hierro",
    "tipo": "blanco",
    "uvas": "LISTAN BLANCO",
    "anada": 2018,
    "stock": 0,
    "precio_carta": 250.0,
    "precio_coste": null
  },
  {
    "nombre": "COHOMBRILLO 4/",
    "isla": "Lanzarote",
    "do": "D.O. Lanzarote",
    "tipo": "rosado",
    "uvas": null,
    "anada": null,
    "stock": 0,
    "precio_carta": 24.0,
    "precio_coste": null
  },
  {
    "nombre": "FOROCHO 2020",
    "isla": "Lanzarote",
    "do": "D.O. Lanzarote",
    "tipo": "rosado",
    "uvas": "LISTÁN NEGRO + LISTÁN BLANCO + MALVASÍA",
    "anada": 2020,
    "stock": 0,
    "precio_carta": 150.0,
    "precio_coste": null
  },
  {
    "nombre": "HORIZONTE DE SUCESOS 2022",
    "isla": "Lanzarote",
    "do": "D.O. Lanzarote",
    "tipo": "rosado",
    "uvas": "LISTÁN BLANCO + MALVASÍA + LISTÁN NEGRO + MOSCATEL",
    "anada": 2022,
    "stock": 2,
    "precio_carta": 90.0,
    "precio_coste": null
  },
  {
    "nombre": "ROSA-LIAS 2022",
    "isla": "Lanzarote",
    "do": "D.O. Lanzarote",
    "tipo": "rosado",
    "uvas": "LISTAN NEGRO + NEGRAMOL",
    "anada": 2022,
    "stock": 3,
    "precio_carta": 65.0,
    "precio_coste": null
  },
  {
    "nombre": "BURGMANN 2022",
    "isla": "Tenerife",
    "do": "D.O. Tacoronte-Acentejo",
    "tipo": "rosado",
    "uvas": "LISTAN NEGRO",
    "anada": 2022,
    "stock": 0,
    "precio_carta": 65.0,
    "precio_coste": null
  },
  {
    "nombre": "AMBORA 2022",
    "isla": "Tenerife",
    "do": "D.O. Tacoronte-Acentejo",
    "tipo": "rosado",
    "uvas": "NEGRAMOL ROSADA",
    "anada": 2022,
    "stock": 0,
    "precio_carta": 65.0,
    "precio_coste": 17.07
  },
  {
    "nombre": "MALVASIA ROSADA 2019",
    "isla": "Tenerife",
    "do": "D.O. Valle de La Orotava",
    "tipo": "rosado",
    "uvas": "MALVASÍA ROSADA + NEGRAMOLL",
    "anada": 2019,
    "stock": 0,
    "precio_carta": 250.0,
    "precio_coste": null
  },
  {
    "nombre": "MALVASIA ROSADA 2021",
    "isla": "Tenerife",
    "do": "D.O. Valle de La Orotava",
    "tipo": "rosado",
    "uvas": "MALVASÍA ROSADA + NEGRAMOLL",
    "anada": 2021,
    "stock": 0,
    "precio_carta": 75.0,
    "precio_coste": null
  },
  {
    "nombre": "LOS BREZOS 2022",
    "isla": "Tenerife",
    "do": "D.O. Valle de Güímar",
    "tipo": "rosado",
    "uvas": "LISTÁN BLANCO + LISTAN NEGRO",
    "anada": 2022,
    "stock": 3,
    "precio_carta": 65.0,
    "precio_coste": null
  },
  {
    "nombre": "MARMAJUELO Y MALVASÍA VOLCÁNICA 2021",
    "isla": null,
    "do": "D.O. Islas Canarias",
    "tipo": "rosado",
    "uvas": "MARMAJUELO + MALVASIA ROSADA",
    "anada": 2021,
    "stock": 0,
    "precio_carta": 120.0,
    "precio_coste": null
  },
  {
    "nombre": "IKEWEN 2023",
    "isla": "Gran Canaria",
    "do": "D.O. Gran Canaria",
    "tipo": "tinto",
    "uvas": "LISTÁN NEGRO + OTRS VARIEDADES",
    "anada": 2023,
    "stock": 0,
    "precio_carta": 60.0,
    "precio_coste": 19.26
  },
  {
    "nombre": "AGÁN 2021",
    "isla": "Gran Canaria",
    "do": "D.O. Gran Canaria",
    "tipo": "tinto",
    "uvas": "LISTÁN NEGRO + OTRS VARIEDADES",
    "anada": 2021,
    "stock": 0,
    "precio_carta": 80.0,
    "precio_coste": null
  },
  {
    "nombre": "SANSOFÍ 2020",
    "isla": "Gran Canaria",
    "do": "D.O. Gran Canaria",
    "tipo": "tinto",
    "uvas": "LISTÁN NEGRO + OTRS VARIEDADES",
    "anada": 2020,
    "stock": 0,
    "precio_carta": 110.0,
    "precio_coste": null
  },
  {
    "nombre": "SANSOFÍ 2021",
    "isla": "Gran Canaria",
    "do": "D.O. Gran Canaria",
    "tipo": "tinto",
    "uvas": "LISTÁN NEGRO + OTRS VARIEDADES",
    "anada": 2021,
    "stock": 0,
    "precio_carta": 70.0,
    "precio_coste": null
  },
  {
    "nombre": "TIDAO 2022",
    "isla": "Gran Canaria",
    "do": "D.O. Gran Canaria",
    "tipo": "tinto",
    "uvas": "LISTÁN NEGRO + OTRS VARIEDADES",
    "anada": 2022,
    "stock": 0,
    "precio_carta": 70.0,
    "precio_coste": null
  },
  {
    "nombre": "ELEMENTO PORTUGAL 2019",
    "isla": "Gran Canaria",
    "do": "D.O. Gran Canaria",
    "tipo": "tinto",
    "uvas": "LISTÁN NEGRO + OTRS VARIEDADES",
    "anada": 2019,
    "stock": 0,
    "precio_carta": 90.0,
    "precio_coste": null
  },
  {
    "nombre": "TAMERÁN CAMARETAS 2023",
    "isla": "Gran Canaria",
    "do": "D.O. Gran Canaria",
    "tipo": "tinto",
    "uvas": "LISTÁN NEGRO",
    "anada": 2023,
    "stock": 2,
    "precio_carta": 90.0,
    "precio_coste": null
  },
  {
    "nombre": "LECHUCILLA 2023",
    "isla": "Gran Canaria",
    "do": "D.O. Gran Canaria",
    "tipo": "tinto",
    "uvas": "LISTÁN NEGRO",
    "anada": 2023,
    "stock": 0,
    "precio_carta": 60.0,
    "precio_coste": null
  },
  {
    "nombre": "CHIRATO 2021",
    "isla": "Gran Canaria",
    "do": "D.O. Gran Canaria",
    "tipo": "tinto",
    "uvas": "LISTÁN NEGRO",
    "anada": 2021,
    "stock": 1,
    "precio_carta": 80.0,
    "precio_coste": null
  },
  {
    "nombre": "CHIRATO 2022",
    "isla": "Gran Canaria",
    "do": "D.O. Gran Canaria",
    "tipo": "tinto",
    "uvas": "LISTÁN NEGRO",
    "anada": 2022,
    "stock": 2,
    "precio_carta": 65.0,
    "precio_coste": null
  },
  {
    "nombre": "CHIRATO 2023",
    "isla": "Gran Canaria",
    "do": "D.O. Gran Canaria",
    "tipo": "tinto",
    "uvas": "LISTÁN NEGRO",
    "anada": 2023,
    "stock": 4,
    "precio_carta": null,
    "precio_coste": null
  },
  {
    "nombre": "LAVA FINCA LAS ARBEJAS 2022",
    "isla": "Gran Canaria",
    "do": "D.O. Gran Canaria",
    "tipo": "tinto",
    "uvas": "VIJARIEGO NEGRO + LISTÁN NEGRO + TINTILLA",
    "anada": 2022,
    "stock": 0,
    "precio_carta": 80.0,
    "precio_coste": null
  },
  {
    "nombre": "LAVA LOMO LOS INGLESES 2022",
    "isla": "Gran Canaria",
    "do": "D.O. Gran Canaria",
    "tipo": "tinto",
    "uvas": "LISTÁN NEGRO",
    "anada": 2022,
    "stock": 1,
    "precio_carta": 60.0,
    "precio_coste": null
  },
  {
    "nombre": "VANDAMA HOYA OSCURA 2021",
    "isla": "Gran Canaria",
    "do": "D.O. Gran Canaria",
    "tipo": "tinto",
    "uvas": "LISTÁN NEGRO + NEGRAMOLL",
    "anada": 2021,
    "stock": 0,
    "precio_carta": 80.0,
    "precio_coste": null
  },
  {
    "nombre": "EL CONVENTO 2014",
    "isla": "Gran Canaria",
    "do": "D.O. Gran Canaria",
    "tipo": "tinto",
    "uvas": "LISTÁN NEGRO + CASTELLANA",
    "anada": 2014,
    "stock": 0,
    "precio_carta": 110.0,
    "precio_coste": null
  },
  {
    "nombre": "EL CONVENTO 2019",
    "isla": "Gran Canaria",
    "do": "D.O. Gran Canaria",
    "tipo": "tinto",
    "uvas": "LISTÁN NEGRO + CASTELLANA",
    "anada": 2019,
    "stock": 0,
    "precio_carta": 80.0,
    "precio_coste": null
  },
  {
    "nombre": "EL CONVENTO 2021",
    "isla": "Gran Canaria",
    "do": "D.O. Gran Canaria",
    "tipo": "tinto",
    "uvas": "LISTÁN NEGRO + CASTELLANA",
    "anada": 2021,
    "stock": 0,
    "precio_carta": 65.0,
    "precio_coste": null
  },
  {
    "nombre": "VEGA GALDAR 2021",
    "isla": "Gran Canaria",
    "do": "D.O. Gran Canaria",
    "tipo": "tinto",
    "uvas": "VIJARIEGO NEGRO",
    "anada": 2021,
    "stock": 0,
    "precio_carta": 70.0,
    "precio_coste": null
  },
  {
    "nombre": "LA ROSA DE LOS NEGRINES 2020",
    "isla": "Fuerteventura",
    "do": null,
    "tipo": "tinto",
    "uvas": "LISTÁN PRIETO",
    "anada": 2020,
    "stock": 2,
    "precio_carta": 65.0,
    "precio_coste": null
  },
  {
    "nombre": "LA ROSA DE LOS NEGRINES 2021",
    "isla": "Fuerteventura",
    "do": null,
    "tipo": "tinto",
    "uvas": "LISTÁN PRIETO",
    "anada": 2021,
    "stock": 1,
    "precio_carta": 55.0,
    "precio_coste": null
  },
  {
    "nombre": "TARO 2021",
    "isla": "Lanzarote",
    "do": "D.O. Lanzarote",
    "tipo": "tinto",
    "uvas": "LISTÁN NEGRO",
    "anada": 2021,
    "stock": 0,
    "precio_carta": 70.0,
    "precio_coste": null
  },
  {
    "nombre": "MAHO 2023",
    "isla": "Lanzarote",
    "do": "D.O. Lanzarote",
    "tipo": "tinto",
    "uvas": "LISTÁN NEGRO + MOSCATEL DE ALEJANDRIA",
    "anada": 2023,
    "stock": 0,
    "precio_carta": 50.0,
    "precio_coste": null
  },
  {
    "nombre": "VALLE DE MALPASO 2021",
    "isla": "Lanzarote",
    "do": "D.O. Lanzarote",
    "tipo": "tinto",
    "uvas": "LISTÁN BLANCO + LISTÁN NEGRO + DIEGO",
    "anada": 2021,
    "stock": 0,
    "precio_carta": 80.0,
    "precio_coste": null
  },
  {
    "nombre": "VALLE DE MALPASO 2023",
    "isla": "Lanzarote",
    "do": "D.O. Lanzarote",
    "tipo": "tinto",
    "uvas": "LISTÁN BLANCO + LISTÁN NEGRO + DIEGO",
    "anada": 2023,
    "stock": 0,
    "precio_carta": 60.0,
    "precio_coste": null
  },
  {
    "nombre": "YE-YÉ 2021",
    "isla": "Lanzarote",
    "do": "D.O. Lanzarote",
    "tipo": "tinto",
    "uvas": "LISTÁN NEGRO",
    "anada": 2021,
    "stock": 0,
    "precio_carta": 85.0,
    "precio_coste": null
  },
  {
    "nombre": "ALTHAY 2023",
    "isla": "Lanzarote",
    "do": "D.O. Lanzarote",
    "tipo": "tinto",
    "uvas": "LISTÁN NEGRO",
    "anada": 2023,
    "stock": 3,
    "precio_carta": 50.0,
    "precio_coste": null
  },
  {
    "nombre": "CAN 2022",
    "isla": "Tenerife",
    "do": null,
    "tipo": "tinto",
    "uvas": "LISTÁN NEGRO + VIJARIEGO",
    "anada": 2022,
    "stock": 9,
    "precio_carta": 60.0,
    "precio_coste": 25.09
  },
  {
    "nombre": "LA BARDONA VIÑAS DEL NORTE 2021",
    "isla": "Tenerife",
    "do": null,
    "tipo": "tinto",
    "uvas": "LISTÁN NEGRO",
    "anada": 2021,
    "stock": 2,
    "precio_carta": 60.0,
    "precio_coste": null
  },
  {
    "nombre": "RUKU RUKU 2022",
    "isla": "Tenerife",
    "do": null,
    "tipo": "tinto",
    "uvas": "LISTÁN NEGRO + LISTAN BLANCO",
    "anada": 2022,
    "stock": 0,
    "precio_carta": 70.0,
    "precio_coste": null
  },
  {
    "nombre": "MARAÑUELA TINTO 2022",
    "isla": "Tenerife",
    "do": null,
    "tipo": "tinto",
    "uvas": "LISTÁN NEGRO",
    "anada": 2022,
    "stock": 1,
    "precio_carta": 70.0,
    "precio_coste": null
  },
  {
    "nombre": "ALMATURA TINTO 2022",
    "isla": "Tenerife",
    "do": null,
    "tipo": "tinto",
    "uvas": "LISTÁN BLANCO + LISTAN NEGRO + TINTILLA + NEGRAMOL",
    "anada": 2022,
    "stock": 4,
    "precio_carta": 100.0,
    "precio_coste": null
  },
  {
    "nombre": "LA CANOYA 2021",
    "isla": "Tenerife",
    "do": null,
    "tipo": "tinto",
    "uvas": "LISTÁN NEGRO",
    "anada": 2021,
    "stock": 0,
    "precio_carta": 60.0,
    "precio_coste": null
  },
  {
    "nombre": "LA SANTA MAGNUM 2020",
    "isla": "Tenerife",
    "do": null,
    "tipo": "tinto",
    "uvas": "NEGRAMOLL + LISTÁN NEGRO + LISTÁN BLANCO",
    "anada": 2020,
    "stock": 0,
    "precio_carta": 190.0,
    "precio_coste": null
  },
  {
    "nombre": "LA SANTA MAGNUM 2021",
    "isla": "Tenerife",
    "do": null,
    "tipo": "tinto",
    "uvas": "NEGRAMOLL + LISTÁN NEGRO + LISTÁN BLANCO",
    "anada": 2021,
    "stock": 0,
    "precio_carta": 140.0,
    "precio_coste": null
  },
  {
    "nombre": "LA SANTA 2021",
    "isla": "Tenerife",
    "do": null,
    "tipo": "tinto",
    "uvas": "NEGRAMOLL + LISTÁN NEGRO + LISTÁN BLANCO",
    "anada": 2021,
    "stock": 0,
    "precio_carta": 100.0,
    "precio_coste": null
  },
  {
    "nombre": "LA SANTA 2022",
    "isla": "Tenerife",
    "do": null,
    "tipo": "tinto",
    "uvas": "NEGRAMOLL + LISTÁN NEGRO + LISTÁN BLANCO",
    "anada": 2022,
    "stock": 0,
    "precio_carta": 90.0,
    "precio_coste": 20.33
  },
  {
    "nombre": "TAGANAN MARGALAGUA 2020",
    "isla": "Tenerife",
    "do": null,
    "tipo": "tinto",
    "uvas": "LISTÁN NEGRO + NEGRAMOLL + VIJARIEGO NEGRO",
    "anada": 2020,
    "stock": 0,
    "precio_carta": 350.0,
    "precio_coste": null
  },
  {
    "nombre": "TAGANAN MARGALAGUA 2022",
    "isla": "Tenerife",
    "do": null,
    "tipo": "tinto",
    "uvas": "LISTÁN NEGRO + NEGRAMOLL + VIJARIEGO NEGRO",
    "anada": 2022,
    "stock": 0,
    "precio_carta": 200.0,
    "precio_coste": null
  },
  {
    "nombre": "TAGANAN MARGALAGUA 2023",
    "isla": "Tenerife",
    "do": null,
    "tipo": "tinto",
    "uvas": "LISTÁN NEGRO + NEGRAMOLL + VIJARIEGO NEGRO",
    "anada": 2023,
    "stock": 0,
    "precio_carta": 175.0,
    "precio_coste": null
  },
  {
    "nombre": "TAGANAN MAGNUM 2022",
    "isla": "Tenerife",
    "do": null,
    "tipo": "tinto",
    "uvas": "NEGRAMOLL + LISTÁN NEGRO + VIJARIEGO NEGRO",
    "anada": 2022,
    "stock": 0,
    "precio_carta": 190.0,
    "precio_coste": null
  },
  {
    "nombre": "TAGANAN 2019",
    "isla": "Tenerife",
    "do": null,
    "tipo": "tinto",
    "uvas": "NEGRAMOLL + LISTÁN NEGRO + VIJARIEGO NEGRO",
    "anada": 2019,
    "stock": 0,
    "precio_carta": 150.0,
    "precio_coste": null
  },
  {
    "nombre": "TAGANAN 2022",
    "isla": "Tenerife",
    "do": null,
    "tipo": "tinto",
    "uvas": "NEGRAMOLL + LISTÁN NEGRO + VIJARIEGO NEGRO",
    "anada": 2022,
    "stock": 0,
    "precio_carta": 90.0,
    "precio_coste": null
  },
  {
    "nombre": "TAGANAN 2022",
    "isla": "Tenerife",
    "do": null,
    "tipo": "tinto",
    "uvas": "NEGRAMOLL + LISTÁN NEGRO + VIJARIEGO NEGRO",
    "anada": 2022,
    "stock": 0,
    "precio_carta": null,
    "precio_coste": 22.47
  },
  {
    "nombre": "MIGAN MAGNUM 2020",
    "isla": "Tenerife",
    "do": null,
    "tipo": "tinto",
    "uvas": "LISTÁN NEGRO",
    "anada": 2020,
    "stock": 0,
    "precio_carta": 250.0,
    "precio_coste": null
  },
  {
    "nombre": "MIGAN MAGNUM 2021",
    "isla": "Tenerife",
    "do": null,
    "tipo": "tinto",
    "uvas": "LISTÁN NEGRO",
    "anada": 2021,
    "stock": 0,
    "precio_carta": 220.0,
    "precio_coste": null
  },
  {
    "nombre": "MIGAN MAGNUM 2022",
    "isla": "Tenerife",
    "do": null,
    "tipo": "tinto",
    "uvas": "LISTÁN NEGRO",
    "anada": 2022,
    "stock": 0,
    "precio_carta": 170.0,
    "precio_coste": null
  },
  {
    "nombre": "MIGAN 2016",
    "isla": "Tenerife",
    "do": null,
    "tipo": "tinto",
    "uvas": "LISTÁN NEGRO",
    "anada": 2016,
    "stock": 0,
    "precio_carta": 210.0,
    "precio_coste": null
  },
  {
    "nombre": "MIGAN 2017",
    "isla": "Tenerife",
    "do": null,
    "tipo": "tinto",
    "uvas": "LISTÁN NEGRO",
    "anada": 2017,
    "stock": 0,
    "precio_carta": 190.0,
    "precio_coste": null
  },
  {
    "nombre": "MIGAN 2018",
    "isla": "Tenerife",
    "do": null,
    "tipo": "tinto",
    "uvas": "LISTÁN NEGRO",
    "anada": 2018,
    "stock": 0,
    "precio_carta": 170.0,
    "precio_coste": null
  },
  {
    "nombre": "MIGAN 2019",
    "isla": "Tenerife",
    "do": null,
    "tipo": "tinto",
    "uvas": "LISTÁN NEGRO",
    "anada": 2019,
    "stock": 0,
    "precio_carta": 150.0,
    "precio_coste": null
  },
  {
    "nombre": "MIGAN 2020",
    "isla": "Tenerife",
    "do": null,
    "tipo": "tinto",
    "uvas": "LISTÁN NEGRO",
    "anada": 2020,
    "stock": 0,
    "precio_carta": 130.0,
    "precio_coste": null
  },
  {
    "nombre": "MIGAN 2022",
    "isla": "Tenerife",
    "do": null,
    "tipo": "tinto",
    "uvas": "LISTÁN NEGRO",
    "anada": 2022,
    "stock": 0,
    "precio_carta": 120.0,
    "precio_coste": null
  },
  {
    "nombre": "MIGAN 2023",
    "isla": "Tenerife",
    "do": null,
    "tipo": "tinto",
    "uvas": "LISTÁN NEGRO",
    "anada": 2023,
    "stock": 0,
    "precio_carta": 110.0,
    "precio_coste": null
  },
  {
    "nombre": "VINO DE AUTOR 2017",
    "isla": "Tenerife",
    "do": null,
    "tipo": "tinto",
    "uvas": "LISTÁN NEGRO + TINTILLA + SYRAH",
    "anada": 2017,
    "stock": 0,
    "precio_carta": 350.0,
    "precio_coste": null
  },
  {
    "nombre": "VINO DE AUTOR 2020",
    "isla": "Tenerife",
    "do": null,
    "tipo": "tinto",
    "uvas": "LISTÁN NEGRO + TINTILLA + SYRAH",
    "anada": 2020,
    "stock": 0,
    "precio_carta": 150.0,
    "precio_coste": null
  },
  {
    "nombre": "LN 2021",
    "isla": "Tenerife",
    "do": null,
    "tipo": "tinto",
    "uvas": "LISTÁN NEGRO",
    "anada": 2021,
    "stock": 0,
    "precio_carta": 70.0,
    "precio_coste": 23.43
  },
  {
    "nombre": "EL CHIBIRIQUE 2019",
    "isla": "Tenerife",
    "do": "D.O. Valle de La Orotava",
    "tipo": "tinto",
    "uvas": "LISTÁN NEGRO",
    "anada": 2019,
    "stock": 0,
    "precio_carta": 70.0,
    "precio_coste": null
  },
  {
    "nombre": "LOS PASITOS 2022",
    "isla": "Tenerife",
    "do": "D.O. Valle de La Orotava",
    "tipo": "tinto",
    "uvas": "BABOSO NEGRO",
    "anada": 2022,
    "stock": 0,
    "precio_carta": 55.0,
    "precio_coste": null
  },
  {
    "nombre": "LAS SUERTES 2020",
    "isla": "Tenerife",
    "do": "D.O. Valle de La Orotava",
    "tipo": "tinto",
    "uvas": "LISTÁN NEGRO",
    "anada": 2020,
    "stock": 0,
    "precio_carta": 90.0,
    "precio_coste": null
  },
  {
    "nombre": "LAS SUERTES 2021",
    "isla": "Tenerife",
    "do": "D.O. Valle de La Orotava",
    "tipo": "tinto",
    "uvas": "LISTÁN NEGRO",
    "anada": 2021,
    "stock": 0,
    "precio_carta": 80.0,
    "precio_coste": null
  },
  {
    "nombre": "SUERTE DEL MARQUÉS EDICION 1 2022",
    "isla": "Tenerife",
    "do": "D.O. Valle de La Orotava",
    "tipo": "tinto",
    "uvas": "LISTÁN NEGRO",
    "anada": 2022,
    "stock": 0,
    "precio_carta": 220.0,
    "precio_coste": null
  },
  {
    "nombre": "SUERTE DEL MARQUÉS EDICION 2 2023",
    "isla": "Tenerife",
    "do": "D.O. Valle de La Orotava",
    "tipo": "tinto",
    "uvas": "LISTÁN NEGRO",
    "anada": 2023,
    "stock": 0,
    "precio_carta": 110.0,
    "precio_coste": null
  },
  {
    "nombre": "LA ARAUCARIA 2020",
    "isla": "Tenerife",
    "do": "D.O. Valle de La Orotava",
    "tipo": "tinto",
    "uvas": "LISTÁN NEGRO",
    "anada": 2020,
    "stock": 0,
    "precio_carta": 60.0,
    "precio_coste": null
  },
  {
    "nombre": "HACIENDA PERDIDA 2021",
    "isla": "Tenerife",
    "do": "D.O. Valle de La Orotava",
    "tipo": "tinto",
    "uvas": "LISTÁN NEGRO + LISTAN BLANCO",
    "anada": 2021,
    "stock": 0,
    "precio_carta": 70.0,
    "precio_coste": null
  },
  {
    "nombre": "MARAÑUELA TINTO 2023",
    "isla": "Tenerife",
    "do": "D.O. Valle de La Orotava",
    "tipo": "tinto",
    "uvas": "LISTÁN NEGRO",
    "anada": 2023,
    "stock": 2,
    "precio_carta": 50.0,
    "precio_coste": null
  },
  {
    "nombre": "SAN CLEMENTE 2020",
    "isla": "Tenerife",
    "do": "D.O. Tacoronte-Acentejo",
    "tipo": "tinto",
    "uvas": "LISTAN NEGRO + TINTILLA",
    "anada": 2020,
    "stock": 1,
    "precio_carta": 60.0,
    "precio_coste": null
  },
  {
    "nombre": "DELIRIO 2020",
    "isla": "Tenerife",
    "do": "D.O. Tacoronte-Acentejo",
    "tipo": "tinto",
    "uvas": "LISTAN NEGRO",
    "anada": 2020,
    "stock": 1,
    "precio_carta": 70.0,
    "precio_coste": null
  },
  {
    "nombre": "VIÑA ESTEVÉZ 2019",
    "isla": "Tenerife",
    "do": "D.O. Tacoronte-Acentejo",
    "tipo": "tinto",
    "uvas": "BABOSO NEGRO",
    "anada": 2019,
    "stock": 0,
    "precio_carta": 70.0,
    "precio_coste": null
  },
  {
    "nombre": "ARTÍFICE TINTO MAGNUM 2018",
    "isla": "Tenerife",
    "do": "D.O. Ycoden Daute Isora",
    "tipo": "tinto",
    "uvas": "LISTAN NEGRO",
    "anada": 2018,
    "stock": 0,
    "precio_carta": 200.0,
    "precio_coste": null
  },
  {
    "nombre": "ARTÍFICE TINTO 2019",
    "isla": "Tenerife",
    "do": "D.O. Ycoden Daute Isora",
    "tipo": "tinto",
    "uvas": "LISTAN NEGRO",
    "anada": 2019,
    "stock": 0,
    "precio_carta": 90.0,
    "precio_coste": null
  },
  {
    "nombre": "VERA DE LA FUENTE 2018",
    "isla": "Tenerife",
    "do": "D.O. Abona",
    "tipo": "tinto",
    "uvas": "VIJARIEGO NEGRO",
    "anada": 2018,
    "stock": 0,
    "precio_carta": 50.0,
    "precio_coste": null
  },
  {
    "nombre": "LA BARDONA 2022",
    "isla": null,
    "do": "D.O. Islas Canarias",
    "tipo": "tinto",
    "uvas": "LISTÁN NEGRO",
    "anada": 2022,
    "stock": 3,
    "precio_carta": 50.0,
    "precio_coste": null
  },
  {
    "nombre": "LADERAS DE TENO 2019",
    "isla": null,
    "do": "D.O. Islas Canarias",
    "tipo": "tinto",
    "uvas": "TINTILLA + VIJARIEGO NEGRO + BABOSO NEGRO",
    "anada": 2019,
    "stock": 0,
    "precio_carta": 110.0,
    "precio_coste": null
  },
  {
    "nombre": "LA MONTAÑA 2023",
    "isla": "La Gomera",
    "do": "D.O. La Gomera",
    "tipo": "tinto",
    "uvas": "LISTÁN NEGRO",
    "anada": 2023,
    "stock": 2,
    "precio_carta": 60.0,
    "precio_coste": null
  },
  {
    "nombre": "MISSION GRAPES 2022",
    "isla": "La Palma",
    "do": "D.O. La Palma",
    "tipo": "tinto",
    "uvas": "LISTÁN PRIETO",
    "anada": 2022,
    "stock": 0,
    "precio_carta": 70.0,
    "precio_coste": 15.94
  },
  {
    "nombre": "SINGULARIS 2022",
    "isla": "La Palma",
    "do": "D.O. La Palma",
    "tipo": "tinto",
    "uvas": "VIJARIEGO NEGRO",
    "anada": 2022,
    "stock": 6,
    "precio_carta": 90.0,
    "precio_coste": null
  },
  {
    "nombre": "PIEDRA JURADA VENDIMIA SELECCIONADA 2022",
    "isla": "La Palma",
    "do": "D.O. La Palma",
    "tipo": "tinto",
    "uvas": "LISTAN PRIETO + ALMUÑECO + CASTELLANA",
    "anada": 2022,
    "stock": 0,
    "precio_carta": 65.0,
    "precio_coste": null
  },
  {
    "nombre": "VITEGA VINO DE TEA 2022",
    "isla": "La Palma",
    "do": "D.O. La Palma",
    "tipo": "tinto",
    "uvas": "NEGRAMOLL + LITÁN PRIETO + ALMUÑECO + ALBILLO",
    "anada": 2022,
    "stock": 0,
    "precio_carta": 50.0,
    "precio_coste": 9.1
  },
  {
    "nombre": "CANDELARIO TINTO 2023",
    "isla": "La Palma",
    "do": "D.O. La Palma",
    "tipo": "tinto",
    "uvas": "NEGRAMOLL + LISTÁN NEGRO + LISTAN PRIETO",
    "anada": 2023,
    "stock": 0,
    "precio_carta": 90.0,
    "precio_coste": null
  },
  {
    "nombre": "CANDELARIO TINTO 2024",
    "isla": "La Palma",
    "do": "D.O. La Palma",
    "tipo": "tinto",
    "uvas": "NEGRAMOLL + LISTÁN NEGRO + LISTAN PRIETO",
    "anada": 2024,
    "stock": 0,
    "precio_carta": 75.0,
    "precio_coste": null
  },
  {
    "nombre": "VIÑARDA TINTO TEA 2021",
    "isla": "La Palma",
    "do": "D.O. La Palma",
    "tipo": "tinto",
    "uvas": "VIJARIEGO + LISTÁN PRIETO",
    "anada": 2021,
    "stock": 0,
    "precio_carta": 50.0,
    "precio_coste": null
  },
  {
    "nombre": "VINO DE LA MESA",
    "isla": "La Palma",
    "do": "D.O. La Palma",
    "tipo": "tinto",
    "uvas": "NEGRAMOL",
    "anada": null,
    "stock": 0,
    "precio_carta": 100.0,
    "precio_coste": null
  },
  {
    "nombre": "LALO 2022",
    "isla": "La Palma",
    "do": "D.O. La Palma",
    "tipo": "tinto",
    "uvas": "NEGRAMOL + LISTÁN NEGRO",
    "anada": 2022,
    "stock": 0,
    "precio_carta": 90.0,
    "precio_coste": null
  },
  {
    "nombre": "NOROESTE 2022",
    "isla": "La Palma",
    "do": "D.O. La Palma",
    "tipo": "tinto",
    "uvas": "LISTÁN NEGRO",
    "anada": 2022,
    "stock": 3,
    "precio_carta": 80.0,
    "precio_coste": null
  },
  {
    "nombre": "JERONIMO",
    "isla": "La Palma",
    "do": "D.O. La Palma",
    "tipo": "tinto",
    "uvas": "NEGRAMOL + LISTÁN PRIETO",
    "anada": null,
    "stock": 0,
    "precio_carta": 80.0,
    "precio_coste": null
  },
  {
    "nombre": "CLARETE 2023",
    "isla": "La Palma",
    "do": "D.O. La Palma",
    "tipo": "tinto",
    "uvas": "NEGRAMOLL + LISTAN NEGRO + LISTAN PRIETO + LISTAN BLANCO",
    "anada": 2023,
    "stock": 0,
    "precio_carta": 80.0,
    "precio_coste": null
  },
  {
    "nombre": "VINO DE LA ISLA PIEZA N1 2023",
    "isla": "La Palma",
    "do": "D.O. La Palma",
    "tipo": "tinto",
    "uvas": "NEGRAMOLL",
    "anada": 2023,
    "stock": 0,
    "precio_carta": 80.0,
    "precio_coste": null
  },
  {
    "nombre": "TANAJARA VIJARIEGO NEGRO 2010",
    "isla": "El Hierro",
    "do": "D.O. El Hierro",
    "tipo": "tinto",
    "uvas": "VIJARIEGO NEGRO",
    "anada": 2010,
    "stock": 0,
    "precio_carta": 190.0,
    "precio_coste": null
  },
  {
    "nombre": "TANAJARA VIJARIEGO NEGRO 2011",
    "isla": "El Hierro",
    "do": "D.O. El Hierro",
    "tipo": "tinto",
    "uvas": "VIJARIEGO NEGRO",
    "anada": 2011,
    "stock": 0,
    "precio_carta": 130.0,
    "precio_coste": null
  },
  {
    "nombre": "TANAJARA ORIGEN 2021",
    "isla": "El Hierro",
    "do": "D.O. El Hierro",
    "tipo": "tinto",
    "uvas": "VERIJADIEGO NEGRO",
    "anada": 2021,
    "stock": 0,
    "precio_carta": 90.0,
    "precio_coste": null
  },
  {
    "nombre": "LAVA DULCE 2021",
    "isla": "Gran Canaria",
    "do": "D.O. Gran Canaria",
    "tipo": "dulce",
    "uvas": "MOSCATEL DE ALEJENDRIA",
    "anada": 2021,
    "stock": 0,
    "precio_carta": 120.0,
    "precio_coste": null
  },
  {
    "nombre": "VOLCAN DANIELA 2022",
    "isla": "Gran Canaria",
    "do": "D.O. Gran Canaria",
    "tipo": "dulce",
    "uvas": "MOSCATEL DE ALEJENDRIA + LISTÁN BLANCCO",
    "anada": 2022,
    "stock": 1,
    "precio_carta": 50.0,
    "precio_coste": null
  },
  {
    "nombre": "COHOMBRILLO 4/",
    "isla": "Lanzarote",
    "do": "D.O. Lanzarote",
    "tipo": "dulce",
    "uvas": null,
    "anada": null,
    "stock": 0,
    "precio_carta": 24.0,
    "precio_coste": null
  },
  {
    "nombre": "4/24 DULCE 2018**",
    "isla": "Lanzarote",
    "do": "D.O. Lanzarote",
    "tipo": "dulce",
    "uvas": "MALVASÍA VOLCANICA",
    "anada": 2018,
    "stock": 0,
    "precio_carta": 190.0,
    "precio_coste": null
  },
  {
    "nombre": "TISALAYA 2023",
    "isla": "Lanzarote",
    "do": "D.O. Lanzarote",
    "tipo": "dulce",
    "uvas": "DIEGO",
    "anada": 2023,
    "stock": 0,
    "precio_carta": 250.0,
    "precio_coste": null
  },
  {
    "nombre": "VINO PADRE 2020",
    "isla": null,
    "do": "D.O. Islas Canarias",
    "tipo": "dulce",
    "uvas": "LISTÁN NEGRO",
    "anada": 2020,
    "stock": 0,
    "precio_carta": 50.0,
    "precio_coste": null
  },
  {
    "nombre": "HUMBOLDT TINTO DULCE 2001",
    "isla": "Tenerife",
    "do": "D.O. Tacoronte-Acentejo",
    "tipo": "dulce",
    "uvas": "LISTÁN NEGRO",
    "anada": 2001,
    "stock": 0,
    "precio_carta": 55.0,
    "precio_coste": 13.38
  },
  {
    "nombre": "CARBALLO 2021",
    "isla": "La Palma",
    "do": "D.O. La Palma",
    "tipo": "dulce",
    "uvas": "MALVASÍA AROMÁTICA",
    "anada": 2021,
    "stock": 0,
    "precio_carta": 85.0,
    "precio_coste": null
  },
  {
    "nombre": "BESOS DE LA CAPITANA 2018",
    "isla": "La Palma",
    "do": "D.O. La Palma",
    "tipo": "dulce",
    "uvas": "MALVASÍA AROMATICA",
    "anada": 2018,
    "stock": 0,
    "precio_carta": 110.0,
    "precio_coste": null
  },
  {
    "nombre": "MALVASIA NATURALMENTE DULCE 2019",
    "isla": "La Palma",
    "do": "D.O. La Palma",
    "tipo": "dulce",
    "uvas": "MALVASIAL",
    "anada": 2019,
    "stock": 0,
    "precio_carta": 150.0,
    "precio_coste": null
  },
  {
    "nombre": "LAS VETAS 2018",
    "isla": "El Hierro",
    "do": "D.O. El Hierro",
    "tipo": "dulce",
    "uvas": "MALVASIAL",
    "anada": 2018,
    "stock": 0,
    "precio_carta": 250.0,
    "precio_coste": null
  },
  {
    "nombre": "GRAN SALMOR 2017",
    "isla": "El Hierro",
    "do": "D.O. El Hierro",
    "tipo": "dulce",
    "uvas": "MARMAJUELO + GUAL + VERIJADIEGO BLANCO",
    "anada": 2017,
    "stock": 3,
    "precio_carta": 110.0,
    "precio_coste": null
  },
  {
    "nombre": "PAISAJE DE LAS ISLAS",
    "isla": "Tenerife",
    "do": null,
    "tipo": "blanco",
    "uvas": "MALVASÍA AROMÁTICA",
    "anada": null,
    "stock": 3,
    "precio_carta": null,
    "precio_coste": 16.91
  },
  {
    "nombre": "NIEBLA",
    "isla": "Gran Canaria",
    "do": "D.O. Gran Canaria",
    "tipo": "sidra",
    "uvas": "MANZANA",
    "anada": null,
    "stock": 2,
    "precio_carta": null,
    "precio_coste": 13.05
  },
  {
    "nombre": "LAVA LIRIOS",
    "isla": "Gran Canaria",
    "do": "D.O. Gran Canaria",
    "tipo": "tinto",
    "uvas": "LISTÁN NEGRO + CASTELLANA",
    "anada": null,
    "stock": 1,
    "precio_carta": null,
    "precio_coste": null
  },
  {
    "nombre": "JUAN BELLO 2023",
    "isla": "Lanzarote",
    "do": "D.O. Lanzarote",
    "tipo": "blanco",
    "uvas": null,
    "anada": 2023,
    "stock": 5,
    "precio_carta": null,
    "precio_coste": 20.87
  },
  {
    "nombre": "UWE",
    "isla": "El Hierro",
    "do": "D.O. El Hierro",
    "tipo": "blanco",
    "uvas": "VERDELLO + LISTÁN BLANCO",
    "anada": null,
    "stock": 6,
    "precio_carta": null,
    "precio_coste": null
  },
  {
    "nombre": "CORINA PIA FASTIGIA",
    "isla": "Gran Canaria",
    "do": "D.O. Gran Canaria",
    "tipo": "tinto",
    "uvas": null,
    "anada": null,
    "stock": 6,
    "precio_carta": null,
    "precio_coste": null
  },
  {
    "nombre": "CORINA CUMBRES SAGRADAS",
    "isla": "Gran Canaria",
    "do": "D.O. Gran Canaria",
    "tipo": "tinto",
    "uvas": null,
    "anada": null,
    "stock": 6,
    "precio_carta": null,
    "precio_coste": null
  },
  {
    "nombre": "LB RAZA",
    "isla": "Tenerife",
    "do": null,
    "tipo": "blanco",
    "uvas": "LISTÁN BLANCO",
    "anada": null,
    "stock": 6,
    "precio_carta": null,
    "precio_coste": 23.43
  },
  {
    "nombre": "VIÑA GÓMEZ ANCESTRAL",
    "isla": "Tenerife",
    "do": null,
    "tipo": "tinto",
    "uvas": null,
    "anada": null,
    "stock": 3,
    "precio_carta": null,
    "precio_coste": 20.87
  },
  {
    "nombre": "LISTÁN BLANCO NAT DULCE",
    "isla": "Tenerife",
    "do": null,
    "tipo": "dulce",
    "uvas": "LISTÁN BLANCO",
    "anada": null,
    "stock": 2,
    "precio_carta": null,
    "precio_coste": 18.73
  },
  {
    "nombre": "MALVASÍA ROSADA NAT DULCE",
    "isla": "Tenerife",
    "do": null,
    "tipo": "dulce",
    "uvas": "MALVASÍA ROSADA",
    "anada": null,
    "stock": 3,
    "precio_carta": null,
    "precio_coste": 26.64
  },
  {
    "nombre": "GALLO BABOSO 2023",
    "isla": "Tenerife",
    "do": null,
    "tipo": "tinto",
    "uvas": "BABOSO NEGRO",
    "anada": 2023,
    "stock": 6,
    "precio_carta": null,
    "precio_coste": 26.75
  },
  {
    "nombre": "IKEWEN 2023",
    "isla": "Gran Canaria",
    "do": "D.O. Gran Canaria",
    "tipo": "tinto",
    "uvas": "LISTÁN NEGRO + OTRS VARIEDADES",
    "anada": 2023,
    "stock": 0,
    "precio_carta": null,
    "precio_coste": null
  },
  {
    "nombre": "SERENO 2023",
    "isla": "La Gomera",
    "do": "D.O. La Gomera",
    "tipo": "blanco",
    "uvas": "FORASTERA GOMERA",
    "anada": 2023,
    "stock": 5,
    "precio_carta": null,
    "precio_coste": 17.12
  },
  {
    "nombre": "MARMAJUELO 2021",
    "isla": "Gran Canaria",
    "do": "D.O. Gran Canaria",
    "tipo": "blanco",
    "uvas": "MARMAJUELO",
    "anada": 2021,
    "stock": 6,
    "precio_carta": null,
    "precio_coste": 24.1
  }
]