﻿nombre,isla,do,tipo,uvas,anada,stock,precio_carta,precio_coste
PUMP NAT 2023,Gran Canaria,D.O. Gran Canaria,espumoso,LISTÁN NEGRO,2023,2,65.0,
PUMPKIN NAT 2024,Gran Canaria,D.O. Gran Canaria,espumoso,MALVASÍA VOLCÁNICA,2024,2,65.0,
GRIFO ANCESTRAL 2022,Lanzarote,D.O. Lanzarote,espumoso,VIJARIEGO NEGRO,2022,1,95.0,
TARO PET NAT 2022,Lanzarote,D.O. Lanzarote,espumoso,MALVASIA,2022,1,65.0,19.26
VIÑATIGO ROSADO PET-NAT 2022,Tenerife,,espumoso,LISTÁN NEGRO,2022,0,65.0,
MAREJADA ANCESTRAL 2023,Tenerife,,espumoso,LISTÁN BLANCO,2023,1,65.0,
LA CICLA 2022,Tenerife,,espumoso,ALBILLO CRIOLLO,2022,1,90.0,
LA CICLA 2024,Tenerife,,espumoso,ALBILLO CRIOLLO,2024,1,65.0,
VIDUEÑO ANCESTRAL 2023,Tenerife,D.O. Valle de Güímar,espumoso,LISTÁN BLANCO + MARMAJUELO,2023,4,75.0,21.4
EL TANQUE ANCESTRAL 2023,Tenerife,D.O. Valle de Güímar,espumoso,LISTÁN NEGRO + LISTÁN BLANCO + VIJARIEGO NEGRO,2023,2,70.0,
LOS PELADOS 22,Tenerife,D.O. Valle de Güímar,espumoso,LISTÁN BLANCO,,1,,
IKEWEN 2019,Gran Canaria,D.O. Gran Canaria,blanco,LISTÁN BLANCO + ALBILLO + MALVASÍA + VIJARIEGO,2019,1,290.0,
SKIN CONTACT 2022**,Gran Canaria,D.O. Gran Canaria,blanco,MOSCATEL,2022,3,60.0,
TIEMPO DEL SUR 2023,Gran Canaria,D.O. Gran Canaria,blanco,MALVASÍA VOLCÁNICA,2023,1,60.0,
MARMAJUELO 2020,Gran Canaria,D.O. Gran Canaria,blanco,MARMAJUELO,2020,4,140.0,
MALVASIA 2020,Gran Canaria,D.O. Gran Canaria,blanco,MALVASÍA VOLCÁNICA,2020,2,140.0,
VIJARIEGO 2020,Gran Canaria,D.O. Gran Canaria,blanco,VIJARIEGO BLANCO,2020,1,140.0,
VERDELLO 2020,Gran Canaria,D.O. Gran Canaria,blanco,VERDELLO,2020,3,170.0,
BABOSO 2020,Gran Canaria,D.O. Gran Canaria,blanco,BABOSO BLANCO,2020,1,170.0,
MARMAJUELO 2022,Gran Canaria,D.O. Gran Canaria,blanco,MARMAJUELO,2022,6,110.0,24.1
MALVASIA 2022,Gran Canaria,D.O. Gran Canaria,blanco,MALVASÍA VOLCÁNICA,2022,9,110.0,24.1
VIJARIEGO 2022,Gran Canaria,D.O. Gran Canaria,blanco,VIJARIEGO BLANCO,2022,4,110.0,
VERDELLO 2022,Gran Canaria,D.O. Gran Canaria,blanco,VERDELLO,2022,4,120.0,
BABOSO 2022,Gran Canaria,D.O. Gran Canaria,blanco,BABOSO BLANCO,2022,2,120.0,
MARMAJUELO 2023,Gran Canaria,D.O. Gran Canaria,blanco,MARMAJUELO,2023,0,90.0,
VIJARIEGO 2023,Gran Canaria,D.O. Gran Canaria,blanco,VIJARIEGO BLANCO,2023,3,80.0,
BABOSO 2023,Gran Canaria,D.O. Gran Canaria,blanco,BABOSO BLANCO,2023,7,90.0,33.71
MARMAJUELO 2024,Gran Canaria,D.O. Gran Canaria,blanco,MARMAJUELO,2024,5,90.0,24.08
MALVASIA 2024,Gran Canaria,D.O. Gran Canaria,blanco,MALVASÍA VOLCÁNICA,2024,3,80.0,24.08
VIJARIEGO 2024,Gran Canaria,D.O. Gran Canaria,blanco,VIJARIEGO BLANCO,2024,2,80.0,24.08
LISTÁN BLANCO 2024,Gran Canaria,D.O. Gran Canaria,blanco,LISTÁN BLANCO,2024,2,,26.22
NUBIA 2020,Gran Canaria,D.O. Gran Canaria,blanco,MALVASÍA VOLCÁNICA + LISTÁN BLANCO,2020,2,100.0,
NUBIA 2022,Gran Canaria,D.O. Gran Canaria,blanco,MALVASÍA VOLCÁNICA + LISTÁN BLANCO,2022,2,70.0,
NUBIA 2023,Gran Canaria,D.O. Gran Canaria,blanco,MALVASÍA VOLCÁNICA + LISTÁN BLANCO,2023,2,60.0,
MADROÑAL 2023,Gran Canaria,D.O. Gran Canaria,blanco,ALBILLO CRIOLLO,2023,4,90.0,
VEGA SPINOLA**,Lanzarote,D.O. Lanzarote,blanco,DIEGO,,4,60.0,20.22
VEGA SPINOLA LARA**,Lanzarote,D.O. Lanzarote,blanco,LISTÁN BLANCO,,5,120.0,
COHOMBRILLO 4/,Lanzarote,D.O. Lanzarote,blanco,,,0,24.0,
AJUL 2019**,Lanzarote,D.O. Lanzarote,blanco,MALVASÍA,2019,0,190.0,
AJUL 2021**,Lanzarote,D.O. Lanzarote,blanco,MALVASÍA,2021,0,80.0,
AJUL 2022**,Lanzarote,D.O. Lanzarote,blanco,MALVASÍA,2022,1,60.0,
RANCIO DE COHOMBRILLO 2018**,Lanzarote,D.O. Lanzarote,blanco,MALVASÍA,2018,0,100.0,
JABLE DE TAO 2022,Lanzarote,D.O. Lanzarote,blanco,MALVASÍA VOLCANICA + LISTÁN BLANCO + DIEGO + LISTÁN NEGRO,2022,1,70.0,
JABLE DE TAO 2023,Lanzarote,D.O. Lanzarote,blanco,MALVASÍA VOLCANICA + LISTÁN BLANCO + DIEGO + LISTÁN NEGRO,2023,3,70.0,
TENESAR 2022,Lanzarote,D.O. Lanzarote,blanco,MALVASÍA VOLCÁNICA,2022,1,90.0,
TENESAR 2023,Lanzarote,D.O. Lanzarote,blanco,MALVASÍA VOLCÁNICA,2023,3,,
CHUPADERO 2022,Lanzarote,D.O. Lanzarote,blanco,LISTAN BLANCO,2022,0,120.0,
CHUPADERO 2023,Lanzarote,D.O. Lanzarote,blanco,LISTAN BLANCO,2023,0,90.0,
LA DIEGO 2022,Lanzarote,D.O. Lanzarote,blanco,DIEGO,2022,0,120.0,
LA DIEGO 2023,Lanzarote,D.O. Lanzarote,blanco,DIEGO,2023,0,90.0,
AGANADA 2020,Lanzarote,D.O. Lanzarote,blanco,DIEGO,2020,3,85.0,
AGANADA 2021,Lanzarote,D.O. Lanzarote,blanco,DIEGO,2021,3,75.0,
MAHO 2023,Lanzarote,D.O. Lanzarote,blanco,MALVASÍA VOLCÁNICA,2023,0,50.0,18.19
TARO 2020**,Lanzarote,D.O. Lanzarote,blanco,MALVASÍA VOLCÁNICA + LISTÁN BLANCO + DIEGO,2020,0,90.0,
TARO 2021,Lanzarote,D.O. Lanzarote,blanco,MALVASÍA VOLCÁNICA + LISTÁN BLANCO + DIEGO,2021,0,50.0,
TARO FRÍAS 2021**,Lanzarote,D.O. Lanzarote,blanco,LISTÁN BLANCO,2021,3,80.0,
TARO LA NAVE 2021,Lanzarote,D.O. Lanzarote,blanco,MALVASÍA VOLCÁNICA,2021,0,65.0,
VOLCAN DE LA CORONA 2021,Lanzarote,D.O. Lanzarote,blanco,LISTÁN BLANCO,2021,0,95.0,
VOLCAN DE LA CORONA 2023,Lanzarote,D.O. Lanzarote,blanco,LISTÁN BLANCO,2023,0,75.0,
BARRANCO DEL OBISPO 2021**,Lanzarote,D.O. Lanzarote,blanco,MALVASÍA VOLCÁNICA + LISTÁN BLANCO + DIEGO,2021,0,110.0,
BARRANCO DEL OBISPO 2022**,Lanzarote,D.O. Lanzarote,blanco,MALVASÍA VOLCÁNICA + LISTÁN BLANCO + DIEGO,2022,0,75.0,
SINESIO 2022,Tenerife,,blanco,MARMAJIELO + VIJARIEGO + LISTÁN BLANCO + FORASTERA GOMERA,2022,3,80.0,
SINESIO 2023,Tenerife,,blanco,MARMAJIELO + VIJARIEGO + LISTÁN BLANCO + FORASTERA GOMERA,2023,6,70.0,
EL MEDIANERO,Tenerife,,blanco,ALBILLO CRIOLLO,,2,70.0,
TÁGANAN MAGNUM 2021,Tenerife,,blanco,LISTÁN + MARMAJUELO + VERDELLO + VIJARIEGO,2021,0,230.0,
TÁGANAN MAGNUM 2023,Tenerife,,blanco,LISTÁN + MARMAJUELO + VERDELLO + VIJARIEGO,2023,0,150.0,
PALO BLANCO MAGNUM 2021,Tenerife,,blanco,LISTÁN BLANCO,2021,0,120.0,
PALO BLANCO 2021,Tenerife,,blanco,LISTÁN BLANCO,2021,0,130.0,
PALO BLANCO 2022,Tenerife,,blanco,LISTÁN BLANCO,2022,0,90.0,
PALO BLANCO 2023,Tenerife,,blanco,LISTÁN BLANCO,2023,0,70.0,
PALO BLANCO 2024,Tenerife,,blanco,LISTÁN BLANCO,2024,0,55.0,20.33
TAGANAN 2022,Tenerife,,blanco,ALBILLO CRIOLLO + MARMAJUELO + GUAL + VIJARIEGO,2022,0,90.0,
TAGANAN 2023,Tenerife,,blanco,ALBILLO CRIOLLO + MARMAJUELO + GUAL + VIJARIEGO,2023,0,70.0,
RUKU RUKU 2023,Tenerife,,blanco,LISTÁN BLANCO,2023,3,60.0,
LAS TOSCAS 2022,Tenerife,,blanco,LISTÁN BLANCO,2022,0,95.0,
LAS TOSCAS 2023,Tenerife,,blanco,LISTÁN BLANCO,2023,0,75.0,
ALMATURA ORANGE 2021**,Tenerife,,blanco,LISTÁN BLANCO,2021,3,90.0,
ALMATURA 2022,Tenerife,,blanco,LISTÁN BLANCO,2022,2,110.0,
VITA 2020**,Tenerife,,blanco,ALBILLO CRIOLLO,2020,0,60.0,
VB ARANTIUM 2021**,Tenerife,,blanco,LISTÁN BLANCO,2021,0,60.0,
EL BUCIO 2022**,Tenerife,,blanco,LISTÁN BLANCO,2022,0,100.0,
IMPARES 03 2016**,Tenerife,,blanco,LISTAN BLANCO,2016,0,170.0,
IMPARES 05 2017**,Tenerife,,blanco,LISTAN BLANCO,2017,0,150.0,
OLIVIA 2021**,Tenerife,D.O. Tacoronte-Acentejo,blanco,LISTAN BLANCO,2021,0,90.0,
OLIVIA 2022**,Tenerife,D.O. Tacoronte-Acentejo,blanco,LISTAN BLANCO,2022,0,70.0,
SAN CLEMENTE 2021,Tenerife,D.O. Tacoronte-Acentejo,blanco,MALVASÍA AROMÁTICA + BABOSO BLANCO + MARMAJUELO + VIJARIEGO,2021,1,,
LOS LOROS MOSCATEL 2021,Tenerife,D.O. Valle de Güímar,blanco,MOSCATEL,2021,0,50.0,
LA BOTA DE MATEO 2019,Tenerife,D.O. Valle de Güímar,blanco,LISTÁN BLANCO,2019,1,190.0,
LA BOTA DE MATEO 2021,Tenerife,D.O. Valle de Güímar,blanco,LISTÁN BLANCO,2021,2,95.0,
LA BOTA DE MATEO 2022,Tenerife,D.O. Valle de Güímar,blanco,LISTÁN BLANCO,2022,2,75.0,
ORACÁN 2019**,Tenerife,D.O. Valle de Güímar,blanco,LISTÁN BLANCO,2019,1,130.0,
ORACÁN 2020**,Tenerife,D.O. Valle de Güímar,blanco,LISTÁN BLANCO,2020,2,75.0,
ORACÁN 2021**,Tenerife,D.O. Valle de Güímar,blanco,LISTÁN BLANCO,2021,2,65.0,
LA CHOZA DEL CABRERO 2021,Tenerife,D.O. Valle de Güímar,blanco,LISTÁN BLANCO,2021,2,70.0,
LA CHOZA DEL CABRERO 2022,Tenerife,D.O. Valle de Güímar,blanco,LISTÁN BLANCO,2022,2,60.0,
LOS PELADOS 2021,Tenerife,D.O. Valle de Güímar,blanco,LISTÁN BLANCO,2021,3,90.0,
LOS PELADOS 2023,Tenerife,D.O. Valle de Güímar,blanco,LISTÁN BLANCO,2023,3,60.0,
CANDELA 2022,Tenerife,D.O. Valle de Güímar,blanco,LISTÁN BLANCO,2022,0,85.0,
CANDELA 2023,Tenerife,D.O. Valle de Güímar,blanco,LISTÁN BLANCO,2023,0,75.0,
EL REBUSCO 2021,Tenerife,D.O. Valle de Güímar,blanco,LISTÁN BLANCO,2021,0,60.0,
VIDONIA 2020,Tenerife,D.O. Valle de La Orotava,blanco,LISTÁN BLANCO,2020,0,140.0,
VIDONIA 2021,Tenerife,D.O. Valle de La Orotava,blanco,LISTÁN BLANCO,2021,0,100.0,
VIDONIA 2022,Tenerife,D.O. Valle de La Orotava,blanco,LISTÁN BLANCO,2022,0,80.0,
VIDONIA 2023,Tenerife,D.O. Valle de La Orotava,blanco,LISTÁN BLANCO,2023,0,70.0,
VIDONIA MAGNUM 2022,Tenerife,D.O. Valle de La Orotava,blanco,LISTÁN BLANCO,2022,0,140.0,
VIDONIA V.P. 2020,Tenerife,D.O. Valle de La Orotava,blanco,LISTÁN BLANCO,2020,0,260.0,
VIDONIA V.P. 2021,Tenerife,D.O. Valle de La Orotava,blanco,LISTÁN BLANCO,2021,0,220.0,
VIDONIA V.P. 2022,Tenerife,D.O. Valle de La Orotava,blanco,LISTÁN BLANCO,2022,0,160.0,
VIDONIA V.P. 2023,Tenerife,D.O. Valle de La Orotava,blanco,LISTÁN BLANCO,2023,0,140.0,
SUERTE DEL MARQUÉS EDICION 1 2022,Tenerife,D.O. Valle de La Orotava,blanco,LISTÁN BLANCO,2022,0,290.0,
SUERTE DEL MARQUÉS EDICION 2 2023,Tenerife,D.O. Valle de La Orotava,blanco,LISTÁN BLANCO,2023,0,190.0,
FORTIFICADO **,Tenerife,D.O. Valle de La Orotava,blanco,LISTÁN BLANCO,,0,150.0,
SOLERA 1906,Tenerife,D.O. Valle de La Orotava,blanco,LISTÁN BLANCO + OTRAS,1906,0,210.0,
ARAUCARIA 2022,Tenerife,D.O. Valle de La Orotava,blanco,LISTÁN BLANCO,2022,0,60.0,
CALIMA 2023**,Tenerife,D.O. Valle de La Orotava,blanco,LISTÁN BLANCO,2023,5,60.0,
XERCOS 2020,,D.O. Islas Canarias,blanco,VIJARIEGO BLANCO,2020,0,60.0,
XERCOS 2021,,D.O. Islas Canarias,blanco,VIJARIEGO BLANCO,2021,0,50.0,
EVENTO 2017,,D.O. Islas Canarias,blanco,LISTAN BLANCO,2017,3,180.0,
O´DALY ALBILLO DE FUEGO 2020,La Palma,D.O. La Palma,blanco,ALBILLO CRIOLLO,2020,0,120.0,
O´DALY MALVASIA RANCIO 2014**,La Palma,D.O. La Palma,blanco,MALVASIA,2014,0,200.0,
EL CÁNTARO 2022,La Palma,D.O. La Palma,blanco,ALBILLO CRIOLLO + LISTÁN BLANCO,2022,0,65.0,
EL CÁNTARO 2022,La Palma,D.O. La Palma,blanco,LISTÁN BLANCO,2022,0,60.0,
DIE-GO 2022,La Palma,D.O. La Palma,blanco,DIEGO,2022,0,70.0,
PIEDRA JURADA 2023,La Palma,D.O. La Palma,blanco,ALBILLO CRIOLLO,2023,4,65.0,
DIALECTICA DE LOS OPUESTOS 2021,La Palma,D.O. La Palma,blanco,MALVASIA + ALBILLO,2021,0,110.0,
DIALECTICA DE LOS OPUESTOS 2022/23,La Palma,D.O. La Palma,blanco,ALBILLO + LISÁN BLANCO,2022,0,95.0,
JERONIMO 2022,La Palma,D.O. La Palma,blanco,LISTÁN BLANCO,2022,0,80.0,
LAS MACHUQUERAS 2022,La Palma,D.O. La Palma,blanco,LISTÁN BLANCO,2022,0,100.0,
LAS MACHUQUERAS S/A,La Palma,D.O. La Palma,blanco,LISTÁN BLANCO,,0,90.0,
LAS MIGAS 2021,La Palma,D.O. La Palma,blanco,LISTÁN BLANCO,2021,0,110.0,
LAS MIGAS 2023,La Palma,D.O. La Palma,blanco,LISTÁN BLANCO,2023,0,95.0,
DIEGO 2022,La Palma,D.O. La Palma,blanco,DIEGO,2022,0,80.0,
PIEZAS N4 2023,La Palma,D.O. La Palma,blanco,MALVASIA,2023,0,90.0,
MONTE 2023,La Palma,D.O. La Palma,blanco,LISTAN BLANCO,2023,0,90.0,
SLQ S/A,La Palma,D.O. La Palma,blanco,LISTAN BLANCO + MALVASIA,,0,90.0,
LA PILLI 2021,La Palma,D.O. La Palma,blanco,MALVASÍA,2021,0,70.0,
TIGOTAN 2021,La Palma,D.O. La Palma,blanco,LISTÁN BLANCO,2021,0,70.0,
MARESÍA DEL ATLÁNTICO 2021,La Palma,D.O. La Palma,blanco,LISTÁN BLANCO,2021,0,50.0,
CANDELARIO BLANCO 2023,La Palma,D.O. La Palma,blanco,LISTÁN + ALBILLO + VIJARIEGO,2023,0,100.0,
CANDELARIO BLANCO 2024,La Palma,D.O. La Palma,blanco,LISTÁN + ALBILLO + VIJARIEGO,2024,0,80.0,24.61
SINGULARIS 2020,La Palma,D.O. La Palma,blanco,MALVASIA AROMATICA,2020,3,130.0,
SINGULARIS 2021,La Palma,D.O. La Palma,blanco,ALBILLO CRIOLLO,2021,9,110.0,
LOS TABAQUEROS 2006,La Palma,D.O. La Palma,blanco,LISTÁN BLANCO + VIJARIEGO + GUAL + SABRO + MALVASÍA AROMÁTICA,2006,3,105.0,
LA TIME 2000,La Palma,D.O. La Palma,blanco,LISTÁN BLANCO,2000,0,90.0,
LA TABLADA 2018,La Palma,D.O. La Palma,blanco,SABRO + MARMAJUELO + MALVASÍA AROMÁTICA,2018,0,110.0,
LA TABLADA 2022,La Palma,D.O. La Palma,blanco,SABRO + MARMAJUELO + MALVASÍA AROMÁTICA,2022,0,70.0,
MONTE 2017,La Palma,D.O. La Palma,blanco,LISTÁN BLANCO,2017,0,95.0,
LAS MIGAS 2018,La Palma,D.O. La Palma,blanco,LISTÁN BLANCO,2018,0,120.0,
VINO DE LA MESA 2020,La Palma,D.O. La Palma,blanco,MALVASIA,2020,0,100.0,
MALVASÍA AROMATICA 2022,La Palma,D.O. La Palma,blanco,MALVASÍA AROMATICA,2022,0,80.0,
LISTAN BLANCO 2022,La Palma,D.O. La Palma,blanco,LISTÁN BLANCO,2022,0,70.0,
RAJADERO 2024,La Gomera,D.O. La Gomera,blanco,FORASTERA GOMERA + LISTÁN BLANCO,2024,5,60.0,20.0
RAJADERO ENTERRADO 2021,La Gomera,D.O. La Gomera,blanco,LISTÁN BLANCO + FORASTERA GOMERA,2021,3,130.0,
LAS MADRES 2023,La Gomera,D.O. La Gomera,blanco,FORASTERA GOMERA,2023,0,55.0,18.19
BLANCO DE PATA ECOLOGICO 2022,El Hierro,D.O. El Hierro,blanco,LISTAN BLANCO + VERDELLO,2022,0,65.0,
ELYSAR 2018,El Hierro,D.O. El Hierro,blanco,LISTAN BLANCO,2018,0,250.0,
COHOMBRILLO 4/,Lanzarote,D.O. Lanzarote,rosado,,,0,24.0,
FOROCHO 2020,Lanzarote,D.O. Lanzarote,rosado,LISTÁN NEGRO + LISTÁN BLANCO + MALVASÍA,2020,0,150.0,
HORIZONTE DE SUCESOS 2022,Lanzarote,D.O. Lanzarote,rosado,LISTÁN BLANCO + MALVASÍA + LISTÁN NEGRO + MOSCATEL,2022,2,90.0,
ROSA-LIAS 2022,Lanzarote,D.O. Lanzarote,rosado,LISTAN NEGRO + NEGRAMOL,2022,3,65.0,
BURGMANN 2022,Tenerife,D.O. Tacoronte-Acentejo,rosado,LISTAN NEGRO,2022,0,65.0,
AMBORA 2022,Tenerife,D.O. Tacoronte-Acentejo,rosado,NEGRAMOL ROSADA,2022,0,65.0,17.07
MALVASIA ROSADA 2019,Tenerife,D.O. Valle de La Orotava,rosado,MALVASÍA ROSADA + NEGRAMOLL,2019,0,250.0,
MALVASIA ROSADA 2021,Tenerife,D.O. Valle de La Orotava,rosado,MALVASÍA ROSADA + NEGRAMOLL,2021,0,75.0,
LOS BREZOS 2022,Tenerife,D.O. Valle de Güímar,rosado,LISTÁN BLANCO + LISTAN NEGRO,2022,3,65.0,
MARMAJUELO Y MALVASÍA VOLCÁNICA 2021,,D.O. Islas Canarias,rosado,MARMAJUELO + MALVASIA ROSADA,2021,0,120.0,
IKEWEN 2023,Gran Canaria,D.O. Gran Canaria,tinto,LISTÁN NEGRO + OTRS VARIEDADES,2023,0,60.0,19.26
AGÁN 2021,Gran Canaria,D.O. Gran Canaria,tinto,LISTÁN NEGRO + OTRS VARIEDADES,2021,0,80.0,
SANSOFÍ 2020,Gran Canaria,D.O. Gran Canaria,tinto,LISTÁN NEGRO + OTRS VARIEDADES,2020,0,110.0,
SANSOFÍ 2021,Gran Canaria,D.O. Gran Canaria,tinto,LISTÁN NEGRO + OTRS VARIEDADES,2021,0,70.0,
TIDAO 2022,Gran Canaria,D.O. Gran Canaria,tinto,LISTÁN NEGRO + OTRS VARIEDADES,2022,0,70.0,
ELEMENTO PORTUGAL 2019,Gran Canaria,D.O. Gran Canaria,tinto,LISTÁN NEGRO + OTRS VARIEDADES,2019,0,90.0,
TAMERÁN CAMARETAS 2023,Gran Canaria,D.O. Gran Canaria,tinto,LISTÁN NEGRO,2023,2,90.0,
LECHUCILLA 2023,Gran Canaria,D.O. Gran Canaria,tinto,LISTÁN NEGRO,2023,0,60.0,
CHIRATO 2021,Gran Canaria,D.O. Gran Canaria,tinto,LISTÁN NEGRO,2021,1,80.0,
CHIRATO 2022,Gran Canaria,D.O. Gran Canaria,tinto,LISTÁN NEGRO,2022,2,65.0,
CHIRATO 2023,Gran Canaria,D.O. Gran Canaria,tinto,LISTÁN NEGRO,2023,4,,
LAVA FINCA LAS ARBEJAS 2022,Gran Canaria,D.O. Gran Canaria,tinto,VIJARIEGO NEGRO + LISTÁN NEGRO + TINTILLA,2022,0,80.0,
LAVA LOMO LOS INGLESES 2022,Gran Canaria,D.O. Gran Canaria,tinto,LISTÁN NEGRO,2022,1,60.0,
VANDAMA HOYA OSCURA 2021,Gran Canaria,D.O. Gran Canaria,tinto,LISTÁN NEGRO + NEGRAMOLL,2021,0,80.0,
EL CONVENTO 2014,Gran Canaria,D.O. Gran Canaria,tinto,LISTÁN NEGRO + CASTELLANA,2014,0,110.0,
EL CONVENTO 2019,Gran Canaria,D.O. Gran Canaria,tinto,LISTÁN NEGRO + CASTELLANA,2019,0,80.0,
EL CONVENTO 2021,Gran Canaria,D.O. Gran Canaria,tinto,LISTÁN NEGRO + CASTELLANA,2021,0,65.0,
VEGA GALDAR 2021,Gran Canaria,D.O. Gran Canaria,tinto,VIJARIEGO NEGRO,2021,0,70.0,
LA ROSA DE LOS NEGRINES 2020,Fuerteventura,,tinto,LISTÁN PRIETO,2020,2,65.0,
LA ROSA DE LOS NEGRINES 2021,Fuerteventura,,tinto,LISTÁN PRIETO,2021,1,55.0,
TARO 2021,Lanzarote,D.O. Lanzarote,tinto,LISTÁN NEGRO,2021,0,70.0,
MAHO 2023,Lanzarote,D.O. Lanzarote,tinto,LISTÁN NEGRO + MOSCATEL DE ALEJANDRIA,2023,0,50.0,
VALLE DE MALPASO 2021,Lanzarote,D.O. Lanzarote,tinto,LISTÁN BLANCO + LISTÁN NEGRO + DIEGO,2021,0,80.0,
VALLE DE MALPASO 2023,Lanzarote,D.O. Lanzarote,tinto,LISTÁN BLANCO + LISTÁN NEGRO + DIEGO,2023,0,60.0,
YE-YÉ 2021,Lanzarote,D.O. Lanzarote,tinto,LISTÁN NEGRO,2021,0,85.0,
ALTHAY 2023,Lanzarote,D.O. Lanzarote,tinto,LISTÁN NEGRO,2023,3,50.0,
CAN 2022,Tenerife,,tinto,LISTÁN NEGRO + VIJARIEGO,2022,9,60.0,25.09
LA BARDONA VIÑAS DEL NORTE 2021,Tenerife,,tinto,LISTÁN NEGRO,2021,2,60.0,
RUKU RUKU 2022,Tenerife,,tinto,LISTÁN NEGRO + LISTAN BLANCO,2022,0,70.0,
MARAÑUELA TINTO 2022,Tenerife,,tinto,LISTÁN NEGRO,2022,1,70.0,
ALMATURA TINTO 2022,Tenerife,,tinto,LISTÁN BLANCO + LISTAN NEGRO + TINTILLA + NEGRAMOL,2022,4,100.0,
LA CANOYA 2021,Tenerife,,tinto,LISTÁN NEGRO,2021,0,60.0,
LA SANTA MAGNUM 2020,Tenerife,,tinto,NEGRAMOLL + LISTÁN NEGRO + LISTÁN BLANCO,2020,0,190.0,
LA SANTA MAGNUM 2021,Tenerife,,tinto,NEGRAMOLL + LISTÁN NEGRO + LISTÁN BLANCO,2021,0,140.0,
LA SANTA 2021,Tenerife,,tinto,NEGRAMOLL + LISTÁN NEGRO + LISTÁN BLANCO,2021,0,100.0,
LA SANTA 2022,Tenerife,,tinto,NEGRAMOLL + LISTÁN NEGRO + LISTÁN BLANCO,2022,0,90.0,20.33
TAGANAN MARGALAGUA 2020,Tenerife,,tinto,LISTÁN NEGRO + NEGRAMOLL + VIJARIEGO NEGRO,2020,0,350.0,
TAGANAN MARGALAGUA 2022,Tenerife,,tinto,LISTÁN NEGRO + NEGRAMOLL + VIJARIEGO NEGRO,2022,0,200.0,
TAGANAN MARGALAGUA 2023,Tenerife,,tinto,LISTÁN NEGRO + NEGRAMOLL + VIJARIEGO NEGRO,2023,0,175.0,
TAGANAN MAGNUM 2022,Tenerife,,tinto,NEGRAMOLL + LISTÁN NEGRO + VIJARIEGO NEGRO,2022,0,190.0,
TAGANAN 2019,Tenerife,,tinto,NEGRAMOLL + LISTÁN NEGRO + VIJARIEGO NEGRO,2019,0,150.0,
TAGANAN 2022,Tenerife,,tinto,NEGRAMOLL + LISTÁN NEGRO + VIJARIEGO NEGRO,2022,0,90.0,
TAGANAN 2022,Tenerife,,tinto,NEGRAMOLL + LISTÁN NEGRO + VIJARIEGO NEGRO,2022,0,,22.47
MIGAN MAGNUM 2020,Tenerife,,tinto,LISTÁN NEGRO,2020,0,250.0,
MIGAN MAGNUM 2021,Tenerife,,tinto,LISTÁN NEGRO,2021,0,220.0,
MIGAN MAGNUM 2022,Tenerife,,tinto,LISTÁN NEGRO,2022,0,170.0,
MIGAN 2016,Tenerife,,tinto,LISTÁN NEGRO,2016,0,210.0,
MIGAN 2017,Tenerife,,tinto,LISTÁN NEGRO,2017,0,190.0,
MIGAN 2018,Tenerife,,tinto,LISTÁN NEGRO,2018,0,170.0,
MIGAN 2019,Tenerife,,tinto,LISTÁN NEGRO,2019,0,150.0,
MIGAN 2020,Tenerife,,tinto,LISTÁN NEGRO,2020,0,130.0,
MIGAN 2022,Tenerife,,tinto,LISTÁN NEGRO,2022,0,120.0,
MIGAN 2023,Tenerife,,tinto,LISTÁN NEGRO,2023,0,110.0,
VINO DE AUTOR 2017,Tenerife,,tinto,LISTÁN NEGRO + TINTILLA + SYRAH,2017,0,350.0,
VINO DE AUTOR 2020,Tenerife,,tinto,LISTÁN NEGRO + TINTILLA + SYRAH,2020,0,150.0,
LN 2021,Tenerife,,tinto,LISTÁN NEGRO,2021,0,70.0,23.43
EL CHIBIRIQUE 2019,Tenerife,D.O. Valle de La Orotava,tinto,LISTÁN NEGRO,2019,0,70.0,
LOS PASITOS 2022,Tenerife,D.O. Valle de La Orotava,tinto,BABOSO NEGRO,2022,0,55.0,
LAS SUERTES 2020,Tenerife,D.O. Valle de La Orotava,tinto,LISTÁN NEGRO,2020,0,90.0,
LAS SUERTES 2021,Tenerife,D.O. Valle de La Orotava,tinto,LISTÁN NEGRO,2021,0,80.0,
SUERTE DEL MARQUÉS EDICION 1 2022,Tenerife,D.O. Valle de La Orotava,tinto,LISTÁN NEGRO,2022,0,220.0,
SUERTE DEL MARQUÉS EDICION 2 2023,Tenerife,D.O. Valle de La Orotava,tinto,LISTÁN NEGRO,2023,0,110.0,
LA ARAUCARIA 2020,Tenerife,D.O. Valle de La Orotava,tinto,LISTÁN NEGRO,2020,0,60.0,
HACIENDA PERDIDA 2021,Tenerife,D.O. Valle de La Orotava,tinto,LISTÁN NEGRO + LISTAN BLANCO,2021,0,70.0,
MARAÑUELA TINTO 2023,Tenerife,D.O. Valle de La Orotava,tinto,LISTÁN NEGRO,2023,2,50.0,
SAN CLEMENTE 2020,Tenerife,D.O. Tacoronte-Acentejo,tinto,LISTAN NEGRO + TINTILLA,2020,1,60.0,
DELIRIO 2020,Tenerife,D.O. Tacoronte-Acentejo,tinto,LISTAN NEGRO,2020,1,70.0,
VIÑA ESTEVÉZ 2019,Tenerife,D.O. Tacoronte-Acentejo,tinto,BABOSO NEGRO,2019,0,70.0,
ARTÍFICE TINTO MAGNUM 2018,Tenerife,D.O. Ycoden Daute Isora,tinto,LISTAN NEGRO,2018,0,200.0,
ARTÍFICE TINTO 2019,Tenerife,D.O. Ycoden Daute Isora,tinto,LISTAN NEGRO,2019,0,90.0,
VERA DE LA FUENTE 2018,Tenerife,D.O. Abona,tinto,VIJARIEGO NEGRO,2018,0,50.0,
LA BARDONA 2022,,D.O. Islas Canarias,tinto,LISTÁN NEGRO,2022,3,50.0,
LADERAS DE TENO 2019,,D.O. Islas Canarias,tinto,TINTILLA + VIJARIEGO NEGRO + BABOSO NEGRO,2019,0,110.0,
LA MONTAÑA 2023,La Gomera,D.O. La Gomera,tinto,LISTÁN NEGRO,2023,2,60.0,
MISSION GRAPES 2022,La Palma,D.O. La Palma,tinto,LISTÁN PRIETO,2022,0,70.0,15.94
SINGULARIS 2022,La Palma,D.O. La Palma,tinto,VIJARIEGO NEGRO,2022,6,90.0,
PIEDRA JURADA VENDIMIA SELECCIONADA 2022,La Palma,D.O. La Palma,tinto,LISTAN PRIETO + ALMUÑECO + CASTELLANA,2022,0,65.0,
VITEGA VINO DE TEA 2022,La Palma,D.O. La Palma,tinto,NEGRAMOLL + LITÁN PRIETO + ALMUÑECO + ALBILLO,2022,0,50.0,9.1
CANDELARIO TINTO 2023,La Palma,D.O. La Palma,tinto,NEGRAMOLL + LISTÁN NEGRO + LISTAN PRIETO,2023,0,90.0,
CANDELARIO TINTO 2024,La Palma,D.O. La Palma,tinto,NEGRAMOLL + LISTÁN NEGRO + LISTAN PRIETO,2024,0,75.0,
VIÑARDA TINTO TEA 2021,La Palma,D.O. La Palma,tinto,VIJARIEGO + LISTÁN PRIETO,2021,0,50.0,
VINO DE LA MESA,La Palma,D.O. La Palma,tinto,NEGRAMOL,,0,100.0,
LALO 2022,La Palma,D.O. La Palma,tinto,NEGRAMOL + LISTÁN NEGRO,2022,0,90.0,
NOROESTE 2022,La Palma,D.O. La Palma,tinto,LISTÁN NEGRO,2022,3,80.0,
JERONIMO,La Palma,D.O. La Palma,tinto,NEGRAMOL + LISTÁN PRIETO,,0,80.0,
CLARETE 2023,La Palma,D.O. La Palma,tinto,NEGRAMOLL + LISTAN NEGRO + LISTAN PRIETO + LISTAN BLANCO,2023,0,80.0,
VINO DE LA ISLA PIEZA N1 2023,La Palma,D.O. La Palma,tinto,NEGRAMOLL,2023,0,80.0,
TANAJARA VIJARIEGO NEGRO 2010,El Hierro,D.O. El Hierro,tinto,VIJARIEGO NEGRO,2010,0,190.0,
TANAJARA VIJARIEGO NEGRO 2011,El Hierro,D.O. El Hierro,tinto,VIJARIEGO NEGRO,2011,0,130.0,
TANAJARA ORIGEN 2021,El Hierro,D.O. El Hierro,tinto,VERIJADIEGO NEGRO,2021,0,90.0,
LAVA DULCE 2021,Gran Canaria,D.O. Gran Canaria,dulce,MOSCATEL DE ALEJENDRIA,2021,0,120.0,
VOLCAN DANIELA 2022,Gran Canaria,D.O. Gran Canaria,dulce,MOSCATEL DE ALEJENDRIA + LISTÁN BLANCCO,2022,1,50.0,
COHOMBRILLO 4/,Lanzarote,D.O. Lanzarote,dulce,,,0,24.0,
4/24 DULCE 2018**,Lanzarote,D.O. Lanzarote,dulce,MALVASÍA VOLCANICA,2018,0,190.0,
TISALAYA 2023,Lanzarote,D.O. Lanzarote,dulce,DIEGO,2023,0,250.0,
VINO PADRE 2020,,D.O. Islas Canarias,dulce,LISTÁN NEGRO,2020,0,50.0,
HUMBOLDT TINTO DULCE 2001,Tenerife,D.O. Tacoronte-Acentejo,dulce,LISTÁN NEGRO,2001,0,55.0,13.38
CARBALLO 2021,La Palma,D.O. La Palma,dulce,MALVASÍA AROMÁTICA,2021,0,85.0,
BESOS DE LA CAPITANA 2018,La Palma,D.O. La Palma,dulce,MALVASÍA AROMATICA,2018,0,110.0,
MALVASIA NATURALMENTE DULCE 2019,La Palma,D.O. La Palma,dulce,MALVASIAL,2019,0,150.0,
LAS VETAS 2018,El Hierro,D.O. El Hierro,dulce,MALVASIAL,2018,0,250.0,
GRAN SALMOR 2017,El Hierro,D.O. El Hierro,dulce,MARMAJUELO + GUAL + VERIJADIEGO BLANCO,2017,3,110.0,
PAISAJE DE LAS ISLAS,Tenerife,,blanco,MALVASÍA AROMÁTICA,,3,,16.91
NIEBLA,Gran Canaria,D.O. Gran Canaria,sidra,MANZANA,,2,,13.05
LAVA LIRIOS,Gran Canaria,D.O. Gran Canaria,tinto,LISTÁN NEGRO + CASTELLANA,,1,,
JUAN BELLO 2023,Lanzarote,D.O. Lanzarote,blanco,,2023,5,,20.87
UWE,El Hierro,D.O. El Hierro,blanco,VERDELLO + LISTÁN BLANCO,,6,,
CORINA PIA FASTIGIA,Gran Canaria,D.O. Gran Canaria,tinto,,,6,,
CORINA CUMBRES SAGRADAS,Gran Canaria,D.O. Gran Canaria,tinto,,,6,,
LB RAZA,Tenerife,,blanco,LISTÁN BLANCO,,6,,23.43
VIÑA GÓMEZ ANCESTRAL,Tenerife,,tinto,,,3,,20.87
LISTÁN BLANCO NAT DULCE,Tenerife,,dulce,LISTÁN BLANCO,,2,,18.73
MALVASÍA ROSADA NAT DULCE,Tenerife,,dulce,MALVASÍA ROSADA,,3,,26.64
GALLO BABOSO 2023,Tenerife,,tinto,BABOSO NEGRO,2023,6,,26.75
IKEWEN 2023,Gran Canaria,D.O. Gran Canaria,tinto,LISTÁN NEGRO + OTRS VARIEDADES,2023,0,,
SERENO 2023,La Gomera,D.O. La Gomera,blanco,FORASTERA GOMERA,2023,5,,17.12
MARMAJUELO 2021,Gran Canaria,D.O. Gran Canaria,blanco,MARMAJUELO,2021,6,,24.1
